-- phpMyAdmin SQL Dump
-- version 4.6.6
-- https://www.phpmyadmin.net/
--
-- Servidor: localhost
-- Tiempo de generación: 12-03-2020 a las 21:25:52
-- Versión del servidor: 5.7.17-log
-- Versión de PHP: 5.6.30

SET SQL_MODE = "NO_AUTO_VALUE_ON_ZERO";
SET time_zone = "+00:00";


/*!40101 SET @OLD_CHARACTER_SET_CLIENT=@@CHARACTER_SET_CLIENT */;
/*!40101 SET @OLD_CHARACTER_SET_RESULTS=@@CHARACTER_SET_RESULTS */;
/*!40101 SET @OLD_COLLATION_CONNECTION=@@COLLATION_CONNECTION */;
/*!40101 SET NAMES utf8mb4 */;

--
-- Base de datos: `gp`
--

-- --------------------------------------------------------

--
-- Estructura de tabla para la tabla `catalogo_servicios`
--

CREATE TABLE `catalogo_servicios` (
  `id_catalogo` int(11) NOT NULL,
  `nombre` varchar(50) NOT NULL,
  `categoria` varchar(50) NOT NULL,
  `tipo` int(2) NOT NULL COMMENT '1 = Unidad, 2 = Moto, 3 = Monta, 4 = Chasis, 5 = Dolly'
) ENGINE=InnoDB DEFAULT CHARSET=utf8;

--
-- Volcado de datos para la tabla `catalogo_servicios`
--

INSERT INTO `catalogo_servicios` (`id_catalogo`, `nombre`, `categoria`, `tipo`) VALUES
(1, 'BAJA PRESION', 'MOTOR', 1),
(2, 'FUGA DE ACEITE', 'MOTOR', 1),
(3, 'PAROS FRECUENTE', 'MOTOR', 1),
(4, 'DESPIDE HUMO', 'MOTOR', 1),
(5, 'ARRAQUE DIFICIL', 'MOTOR', 1),
(6, 'FILTROS', 'MOTOR', 1),
(7, 'CAMBIO DE ACEITE O NIVELES', 'MOTOR', 1),
(8, 'OTROS', 'MOTOR', 1),
(9, 'SOBRECALENTAMIENTO', 'ENFRIAMIENTO', 1),
(10, 'RADIADOR O POSRT - ENFRIA', 'ENFRIAMIENTO', 1),
(11, 'BOMBA DE AGUA', 'ENFRIAMIENTO', 1),
(12, 'BANDAS EN MAL ESTADO', 'ENFRIAMIENTO', 1),
(13, 'FUGA DE AGUA', 'ENFRIAMIENTO', 1),
(14, 'MANGUERAS / CONEXIONES', 'ENFRIAMIENTO', 1),
(15, 'OTROS', 'ENFRIAMIENTO', 1),
(16, 'BOMBA DE ELEVACION ', 'COMBUSTIBLE', 1),
(17, 'FILTROS', 'COMBUSTIBLE', 1),
(18, 'FUGAS DE COMBUSTIBLE', 'COMBUSTIBLE', 1),
(19, 'TANQUES DE COMBUSTIBE', 'COMBUSTIBLE', 1),
(20, 'COLOR Y OLOR DE HUMO', 'COMBUSTIBLE', 1),
(21, 'MANGUERAS / CONEXIONES', 'COMBUSTIBLE', 1),
(22, 'OTROS', 'COMBUSTIBLE', 1),
(23, 'DIRECCION DURA', 'DIRECCIÓN', 1),
(24, 'FUGA DE ACEITE', 'DIRECCIÓN', 1),
(25, 'VIBRA O BAMBOLEA A KPH', 'DIRECCIÓN', 1),
(26, 'EXCESO DE JUEGO', 'DIRECCIÓN', 1),
(27, 'MANGUERAS / CONEXIONES', 'DIRECCIÓN', 1),
(28, 'NIVEL DE ACEITE', 'DIRECCIÓN', 1),
(29, 'OTROS', 'DIRECCIÓN', 1),
(30, 'RUIDO EN EL COLLARIN', 'CLUTCH', 1),
(31, 'CAMBIOS DUROS', 'CLUTCH', 1),
(32, 'EMBRAGA MUY BAJO O ALTO', 'CLUTCH', 1),
(33, 'SE PATINA EL CLUTCH', 'CLUTCH', 1),
(34, 'LUCES EN GENERAL', 'ELECTRICIDAD', 1),
(35, 'ALTERNADOR', 'ELECTRICIDAD', 1),
(36, 'MARCHA', 'ELECTRICIDAD', 1),
(37, 'BATERIAS', 'ELECTRICIDAD', 1),
(38, 'MARCADORES', 'ELECTRICIDAD', 1),
(39, 'CARDAN, YUGO O CRUCETA', 'TREN MOTRIZ', 1),
(40, 'RUIDO EN TRANSMISION', 'TREN MOTRIZ', 1),
(41, 'FUGA DE AIRE TRANSMISION', 'TREN MOTRIZ', 1),
(42, 'RUIDO EN DIFERENCIALES', 'TREN MOTRIZ', 1),
(43, 'MANGUERAS // CONEXIONES', 'TREN MOTRIZ', 1),
(44, 'ENGRASAR', 'TREN MOTRIZ', 1),
(45, 'FUGAS DE ACEITE', 'TREN MOTRIZ', 1),
(46, 'OTROS', 'TREN MOTRIZ', 1),
(47, 'AMORTIGUADORES DELANTEROS', 'SUSPENSIÓN', 1),
(48, 'AMORTIGUADORES TRASEROS', 'SUSPENSIÓN', 1),
(49, 'BOLSAS DE SUSPENSION', 'SUSPENSIÓN', 1),
(50, 'BOLSAS DE CABINA', 'SUSPENSIÓN', 1),
(51, 'VALVULAS DE AIRE Y FUGAS', 'SUSPENSIÓN', 1),
(52, 'MUELLES', 'SUSPENSIÓN', 1),
(53, 'OTROS', 'SUSPENSIÓN', 1),
(54, 'BALATAS Y SISTEMAS DE FRENOS', 'FRENOS Y RODAMIENTOS', 1),
(55, 'FRENOS DE ESTACIONAMIENTO', 'FRENOS Y RODAMIENTOS', 1),
(56, 'BALEROS Y RETENES', 'FRENOS Y RODAMIENTOS', 1),
(57, 'FUGA DE AIRE O LIQUIDO', 'FRENOS Y RODAMIENTOS', 1),
(58, 'ROCHACAMBERS', 'FRENOS Y RODAMIENTOS', 1),
(59, 'MANGUERAS / CONEXIONES', 'FRENOS Y RODAMIENTOS', 1),
(60, 'OTROS', 'FRENOS Y RODAMIENTOS', 1),
(61, 'CALIBRAR PRESION DE AIRE', 'LLANTAS', 1),
(62, 'ALINEACION Y BALANCEO', 'LLANTAS', 1),
(63, 'DESGASTE IRREGULAR', 'LLANTAS', 1),
(64, 'ROTACION DE LLANTAS', 'LLANTAS', 1),
(65, 'TALACHA', 'LLANTAS', 1),
(66, 'CAMBIO DE LLANTA', 'LLANTAS', 1),
(67, 'RINES Y VALVULAS', 'LLANTAS', 1),
(68, 'BOLSAS AIRE', 'CHASIS', 5),
(69, 'MANGUERAS', 'CHASIS', 5),
(70, 'GOLPES', 'CHASIS', 5),
(71, 'LLANTAS', 'CHASIS', 5),
(72, 'LUCES', 'CHASIS', 5),
(73, 'PLAFONES', 'CHASIS', 5),
(74, 'MANITAS', 'CHASIS', 5),
(75, 'TROMPOS', 'CHASIS', 5),
(76, 'PATINES', 'CHASIS', 5),
(77, 'ROTOCHAMBER', 'CHASIS', 5),
(78, 'OTRO', 'CHASIS', 5),
(79, 'BOLSAS AIRE', 'DOLLY', 4),
(80, 'MANGUERAS', 'DOLLY', 4),
(81, 'GOLPES', 'DOLLY', 4),
(82, 'LLANTAS', 'DOLLY', 4),
(83, 'DONA', 'DOLLY', 4),
(84, 'OTRO', 'DOLLY', 4),
(85, 'GENERAL', 'MOTOCICLETA', 2),
(86, 'GENERAL', 'MONTACARGAS', 3);

-- --------------------------------------------------------

--
-- Estructura de tabla para la tabla `chasis`
--

CREATE TABLE `chasis` (
  `id_chasis` int(11) NOT NULL,
  `economico` varchar(20) NOT NULL,
  `nombre` varchar(50) NOT NULL,
  `placas` varchar(20) NOT NULL,
  `serie` varchar(40) NOT NULL,
  `marca` varchar(30) NOT NULL,
  `modelo` int(5) NOT NULL
) ENGINE=InnoDB DEFAULT CHARSET=utf8;

--
-- Volcado de datos para la tabla `chasis`
--

INSERT INTO `chasis` (`id_chasis`, `economico`, `nombre`, `placas`, `serie`, `marca`, `modelo`) VALUES
(1, 'C-01', 'PORTA CONTENEDOR 40/20 PIES', '105WM3', '3R9P14023BS063007', 'MAGU', 2011),
(2, 'C-02', 'PORTACONTENEDOR 20\" NUEVO', '697WU2', '3R9P12026DS063073', 'MAGU', 2013),
(3, 'C-03', 'PORTACONTENEDOR 40/20 ABATIBLE NUEVO', '107XT5', '3R9P14022FS063103', 'MAGU', 2015),
(4, 'C-04', 'PORTACONTENEDOR 40/20 PIES NUEVO', '133WM3', '3R9P14027BS063009', 'MAGU', 2011),
(5, 'C-05', 'PORTACONTENEDOR EXTENDIBLE USADO', '074XT5', '3ARK04022Y1007404', 'CAYTRASA', 2000),
(6, 'C-06/PLANA', 'PLATAFORMA 38 PIES ', '56UE2A', '3A9AA13866G27219', 'ARCA', 2006),
(7, 'C-07', 'CHASIS USADO DE 40 PIES', '13UB7V', '3H3C492S9YT122345', 'HYUNDAI', 2000),
(8, 'C-08', 'CHASIS USADO DE 40 PIES', '14UB7V', '3H3C492S3YT122065', 'HYUNDAI', 2000),
(9, 'C-09', 'PORTACONTENEDOR 40/20 NUEVO', '949XN1', '3RP14026ES063121', 'MAGU', 2014),
(10, 'C-10', 'PORTACONTENEDOR EXTENDIBLE USADO', '130XT5', '3ARK0402612008622', 'CAYTRASA', 2001),
(11, 'C-11', 'PORTACONTENEDOR 40 PIES', '83TX4G', '3A9FM4048GM050035', 'MARGO', 2016),
(12, 'C-12', 'PORTACONTENEDOR 40 PIES', '82TX4G', '3A9FM404XGM050036', 'MARGO', 2016),
(13, 'C-13', 'PORTACONTENEDOR 20 PIES', '81TX4G', '3A9FM2046GM050037', 'MARGO', 2016),
(14, 'C -14', 'PORTACONTENEDOR 40/20', '66TY5U', '3R9P14021ES063141', 'MAGU', 2014),
(15, 'C-15', 'REMOLQUE TIPO CHASIS', '70TY6U', '3H3C492S5NT490159', 'HYUNDAI', 1992),
(16, 'C-16', 'REMOLQUE TIPO CHASIS', '12TY6U', '3H3C492S9ST008465', 'HYUNDAI', 1995),
(17, 'C-17', 'REMOLQUE TIPO CHASIS 40', '13TY6U', '3C9PC40296C054031', 'URIVERA', 2006),
(18, 'C-18', 'REMOLQUE TIPO CHASIS', '72TY6U', '3C9PC40266C054021', 'URIVERA', 2006),
(19, 'C-19', 'REMOLQUE TIPO CHASIS', '47UE2A', '1S12GC406NB674899', 'STRICK', 1992),
(20, 'C-20', 'REMOLQUE TIPO CHASIS', '99TY6U', '3H3C492S4ST008342', 'HYUNDAI', 1995),
(21, 'C-21', 'REMOLQUE TIPO CHASIS', '90UC3C', '1S12GC402NB874513', 'SRTICK', 1992),
(22, 'C-22', 'REMOLQUE TIPO CHASIS', '86UD2C', '3H3X492SOST007822', 'HYUNDAI', 1995),
(23, 'C-23', 'PORTACONTENEDOR 40/20', '71TY6U', '3R9P14022ES063147', 'MAGU', 2014),
(24, 'C-24', 'PORTACONTENEDOR 40/21', '09UE2A', '3R9P1402XKS063036', 'MAGU', 2019),
(25, 'C-25', 'PORTACONTENEDOR 40/22', '08UE2A', '3R9P14021KS063037', 'MAGU', 2019),
(26, 'C-26', 'PORTACONTENEDOR 40/22', '90UE3A', '3R9P14029KS063190', 'MAGU', 2019),
(27, 'C-27', 'PORTACONTENEDOR 40/22', '91UE3A', '3R9P14022KS063189', 'MAGU', 2019);

-- --------------------------------------------------------

--
-- Estructura de tabla para la tabla `checklist`
--

CREATE TABLE `checklist` (
  `id_checklist` int(11) NOT NULL,
  `id_viaje` int(11) NOT NULL,
  `fecha` date NOT NULL,
  `hora` time NOT NULL,
  `diagnostico` text COLLATE utf8_spanish2_ci NOT NULL
) ENGINE=InnoDB DEFAULT CHARSET=utf8 COLLATE=utf8_spanish2_ci;

--
-- Volcado de datos para la tabla `checklist`
--

INSERT INTO `checklist` (`id_checklist`, `id_viaje`, `fecha`, `hora`, `diagnostico`) VALUES
(831, 15, '2020-03-12', '15:04:32', 'diagnostico'),
(832, 16, '2020-03-12', '15:21:17', 'Diagnostico y observaciones de talle mecánico');

-- --------------------------------------------------------

--
-- Estructura de tabla para la tabla `checklist_llantas`
--

CREATE TABLE `checklist_llantas` (
  `id_checklis_llantas` int(11) NOT NULL,
  `id_checklist` int(11) NOT NULL,
  `id_tipo` int(11) NOT NULL,
  `ll1` text COLLATE utf8_spanish2_ci NOT NULL,
  `ll2` text COLLATE utf8_spanish2_ci NOT NULL,
  `ll3` text COLLATE utf8_spanish2_ci NOT NULL,
  `ll4` text COLLATE utf8_spanish2_ci NOT NULL,
  `ll5` text COLLATE utf8_spanish2_ci NOT NULL,
  `ll6` text COLLATE utf8_spanish2_ci NOT NULL,
  `ll7` text COLLATE utf8_spanish2_ci NOT NULL,
  `ll8` text COLLATE utf8_spanish2_ci NOT NULL,
  `ll9` text COLLATE utf8_spanish2_ci NOT NULL,
  `ll10` text COLLATE utf8_spanish2_ci NOT NULL,
  `observaciones` text COLLATE utf8_spanish2_ci NOT NULL
) ENGINE=InnoDB DEFAULT CHARSET=utf8 COLLATE=utf8_spanish2_ci;

--
-- Volcado de datos para la tabla `checklist_llantas`
--

INSERT INTO `checklist_llantas` (`id_checklis_llantas`, `id_checklist`, `id_tipo`, `ll1`, `ll2`, `ll3`, `ll4`, `ll5`, `ll6`, `ll7`, `ll8`, `ll9`, `ll10`, `observaciones`) VALUES
(10, 831, 2, '1', '2', '0', '0', '0', '0', '0', '0', '0', '0', 'causas y observaciones'),
(11, 832, 1, 'u1', 'u2', 'u3', 'u4', 'u5', 'u6', 'u7', 'u8', 'u9', 'u19', 'causas y observaciones unidad'),
(12, 832, 3, 'mc1', 'mc2', 'mc3', 'mc4', '0', '0', '0', '0', '0', '0', 'causas y observaciones  montacargas'),
(13, 832, 2, 'm1', 'm1', '0', '0', '0', '0', '0', '0', '0', '0', 'causas y observaciones m'),
(14, 832, 4, 'd1', 'd2', 'd3', 'd4', 'd5', 'd6', 'd7', 'd8', '0', '0', 'causas y observaciones d'),
(15, 832, 5, 'ch1', 'ch2', 'ch3', 'ch4', 'ch5', 'ch6', 'ch7', 'ch8', '0', '0', 'causas y observaciones ch');

-- --------------------------------------------------------

--
-- Estructura de tabla para la tabla `contenido_checklist`
--

CREATE TABLE `contenido_checklist` (
  `id_cont_checklist` int(11) NOT NULL,
  `id_checklist` int(11) NOT NULL,
  `id_catalogo` int(11) NOT NULL,
  `id_tipo` int(11) NOT NULL,
  `id_unidad` int(11) NOT NULL,
  `estatus` int(11) NOT NULL,
  `diagnostico` text COLLATE utf8_spanish2_ci NOT NULL
) ENGINE=InnoDB DEFAULT CHARSET=utf8 COLLATE=utf8_spanish2_ci;

--
-- Volcado de datos para la tabla `contenido_checklist`
--

INSERT INTO `contenido_checklist` (`id_cont_checklist`, `id_checklist`, `id_catalogo`, `id_tipo`, `id_unidad`, `estatus`, `diagnostico`) VALUES
(179, 831, 85, 2, 1, 2, 'regular'),
(180, 832, 30, 1, 5, 3, 'u'),
(181, 832, 85, 2, 1, 3, 'm'),
(182, 832, 31, 1, 5, 3, 'u'),
(183, 832, 32, 1, 5, 3, 'u'),
(184, 832, 33, 1, 5, 3, 'u'),
(185, 832, 17, 1, 5, 3, 'u'),
(186, 832, 16, 1, 5, 3, 'u'),
(187, 832, 18, 1, 5, 3, 'u'),
(188, 832, 20, 1, 5, 3, 'u'),
(189, 832, 19, 1, 5, 3, 'u'),
(190, 832, 21, 1, 5, 3, 'u'),
(191, 832, 24, 1, 5, 3, 'u'),
(192, 832, 22, 1, 5, 3, 'u'),
(193, 832, 25, 1, 5, 3, 'u'),
(194, 832, 26, 1, 5, 3, 'u'),
(195, 832, 28, 1, 5, 3, 'u'),
(196, 832, 27, 1, 5, 3, 'u'),
(197, 832, 29, 1, 5, 3, 'u'),
(198, 832, 23, 1, 5, 3, 'u'),
(199, 832, 37, 1, 5, 3, 'u'),
(200, 832, 36, 1, 5, 3, 'u'),
(201, 832, 38, 1, 5, 3, 'u'),
(202, 832, 13, 1, 5, 3, 'u'),
(203, 832, 35, 1, 5, 3, 'u'),
(204, 832, 34, 1, 5, 3, 'u'),
(205, 832, 14, 1, 5, 3, 'u'),
(206, 832, 9, 1, 5, 3, 'u'),
(207, 832, 15, 1, 5, 3, 'u'),
(208, 832, 10, 1, 5, 3, 'u'),
(209, 832, 11, 1, 5, 3, 'u'),
(210, 832, 60, 1, 5, 3, 'u'),
(211, 832, 12, 1, 5, 3, 'u'),
(212, 832, 58, 1, 5, 3, 'u'),
(213, 832, 57, 1, 5, 3, 'u'),
(214, 832, 56, 1, 5, 3, 'u'),
(215, 832, 55, 1, 5, 3, 'u'),
(216, 832, 54, 1, 5, 3, 'u'),
(217, 832, 59, 1, 5, 3, 'u'),
(218, 832, 61, 1, 5, 3, 'u'),
(219, 832, 67, 1, 5, 3, 'u'),
(220, 832, 62, 1, 5, 3, 'u'),
(221, 832, 63, 1, 5, 3, 'u'),
(222, 832, 64, 1, 5, 3, 'u'),
(223, 832, 65, 1, 5, 3, 'u'),
(224, 832, 2, 1, 5, 1, 'u'),
(225, 832, 66, 1, 5, 3, 'u'),
(226, 832, 3, 1, 5, 1, 'u'),
(227, 832, 4, 1, 5, 1, 'u'),
(228, 832, 5, 1, 5, 1, 'u'),
(229, 832, 1, 1, 5, 1, 'u'),
(230, 832, 8, 1, 5, 1, 'u'),
(231, 832, 7, 1, 5, 1, 'u'),
(232, 832, 6, 1, 5, 1, 'u'),
(233, 832, 47, 1, 5, 3, 'u'),
(234, 832, 48, 1, 5, 3, 'u'),
(235, 832, 49, 1, 5, 3, 'u'),
(236, 832, 50, 1, 5, 3, 'u'),
(237, 832, 52, 1, 5, 3, 'u'),
(238, 832, 53, 1, 5, 3, 'u'),
(239, 832, 51, 1, 5, 3, 'u'),
(240, 832, 39, 1, 5, 2, 'u'),
(241, 832, 46, 1, 5, 2, 'u'),
(242, 832, 45, 1, 5, 2, 'u'),
(243, 832, 44, 1, 5, 2, 'u'),
(244, 832, 43, 1, 5, 2, 'u'),
(245, 832, 42, 1, 5, 2, 'u'),
(246, 832, 40, 1, 5, 2, 'u'),
(247, 832, 41, 1, 5, 2, 'u'),
(248, 832, 86, 3, 1, 2, 'mc'),
(249, 832, 79, 4, 2, 2, 'd'),
(250, 832, 80, 4, 2, 3, 'd'),
(251, 832, 81, 4, 2, 2, 'd'),
(252, 832, 82, 4, 2, 3, 'd'),
(253, 832, 83, 4, 2, 2, 'd'),
(254, 832, 68, 5, 7, 1, 'ch'),
(255, 832, 84, 4, 2, 3, 'd'),
(256, 832, 71, 5, 7, 1, 'ch'),
(257, 832, 72, 5, 7, 1, 'ch'),
(258, 832, 70, 5, 7, 1, 'ch'),
(259, 832, 69, 5, 7, 1, 'ch'),
(260, 832, 73, 5, 7, 1, 'ch'),
(261, 832, 74, 5, 7, 1, 'ch'),
(262, 832, 75, 5, 7, 1, 'ch'),
(263, 832, 76, 5, 7, 1, 'ch'),
(264, 832, 78, 5, 7, 1, 'ch'),
(265, 832, 77, 5, 7, 1, 'ch');

-- --------------------------------------------------------

--
-- Estructura de tabla para la tabla `dolly`
--

CREATE TABLE `dolly` (
  `id_dolly` int(11) NOT NULL,
  `economico` varchar(50) NOT NULL,
  `marca` varchar(30) NOT NULL,
  `modelo` varchar(10) NOT NULL,
  `serie` varchar(50) NOT NULL,
  `suspension` varchar(20) NOT NULL
) ENGINE=InnoDB DEFAULT CHARSET=utf8;

--
-- Volcado de datos para la tabla `dolly`
--

INSERT INTO `dolly` (`id_dolly`, `economico`, `marca`, `modelo`, `serie`, `suspension`) VALUES
(1, 'NO01', 'MAGU', '2004', '3R9C111254U063299', 'AIRE'),
(2, 'NO02', 'CAYTRASA', '2000', '3ARP00020Y2006826', 'AIRE'),
(3, '', 'MAGU', '2015', '3R9C11020FS063078', 'MUELLES'),
(4, '', 'MAGU', '2015', '3R9C11028FS063104', 'AIRE'),
(5, '', 'ARMADO', 'N/A', 'R151416635180293FG', 'AIRE'),
(6, '', 'MARGO', '2016', '3A9DM124XGM050038', 'AIRE'),
(7, '', 'MARGO', '2013', '3A9DM124XEM050117', 'AIRE'),
(8, '', 'HECHIZO', '2013', 'MYR131101', 'AIRE'),
(9, '', 'HECHIZO', '2013', 'MYR131102', 'MUELLES'),
(10, '', 'VENTURA', '2015', '3S9DC1250FV102896', 'AIRE'),
(11, '', 'VENTURA', '2015', '3S9DC1233FV102910', 'AIRE'),
(12, '', 'MADELTO', '2012', '3J9C11220CM053009', 'AIRE'),
(13, '', 'MADELTO', '2012', '3J9C11227CM053010', 'AIRE'),
(14, 'PRUEBA', 'PRUEBA', '2019', 'PRUEBA', 'AIRE');

-- --------------------------------------------------------

--
-- Estructura de tabla para la tabla `imagenes`
--

CREATE TABLE `imagenes` (
  `id_imagen` int(11) NOT NULL,
  `id_servicio` int(11) NOT NULL,
  `url` varchar(50) NOT NULL
) ENGINE=InnoDB DEFAULT CHARSET=utf8;

--
-- Volcado de datos para la tabla `imagenes`
--

INSERT INTO `imagenes` (`id_imagen`, `id_servicio`, `url`) VALUES
(1, 0, '../../imagenes_servicios//0.jpg'),
(2, 0, '../../imagenes_servicios//0.jpg'),
(3, 0, '../../../imagenes_servicios//0.jpg'),
(4, 0, '../../../../imagenes_servicios//0.jpg'),
(5, 0, '../../../imagenes_servicios//0.jpg'),
(6, 109, '../../../imagenes_servicios/109/0.jpg'),
(7, 109, '../../imagenes_servicios/109/0.jpg'),
(8, 109, '../../imagenes_servicios/109/0.jpg'),
(9, 109, '../../../imagenes_servicios/109/0.jpg'),
(10, 109, '../../../imagenes_servicios/109/0.jpg'),
(11, 109, '../../../imagenes_servicios/109/0.jpg'),
(12, 109, '../../../imagenes_servicios/109/0.jpg'),
(13, 109, '../../../imagenes_servicios/109/25059.jpg'),
(14, 109, '../../../imagenes_servicios/109/5253.jpg'),
(15, 109, '../../../imagenes_servicios/109/69018.jpg'),
(16, 109, '109/30509'),
(17, 109, '109/7316'),
(18, 109, '109/74433'),
(19, 109, '109/82441'),
(20, 109, '109/86154.jpg'),
(21, 109, '109/91106.jpg'),
(22, 0, '/1.jpg'),
(23, 109, '109/11.jpg'),
(24, 0, '/1.jpg'),
(25, 0, '/2.jpg'),
(26, 0, '/3.jpg'),
(27, 0, '/021052019184029.jpg'),
(28, 109, '109/021052019184240.jpg'),
(29, 109, '109/021052019184302.jpg'),
(30, 109, '109/121052019184302.jpg'),
(31, 0, '/0_21-05-2019-18-47-56.jpg'),
(32, 0, '/0_21052019_184855.jpg'),
(33, 109, '109/0_21052019_184952.jpg'),
(34, 0, '/0_21052019_185020.jpg'),
(35, 0, '/1_21052019_185020.jpg'),
(36, 0, '/2_21052019_185021.jpg'),
(37, 109, '109/021052019185119.jpg'),
(38, 109, '109/121052019185119.jpg'),
(39, 109, '109/221052019185119.jpg'),
(40, 0, '/021052019185126.jpg'),
(41, 109, '109/0_21-05-2019-18_53_15.jpg'),
(42, 103, '103/021052019225807.jpg'),
(43, 103, '103/121052019225807.jpg'),
(44, 103, '103/221052019225807.jpg'),
(45, 103, '103/021052019230301.jpg'),
(46, 103, '103/021052019230335.jpg'),
(47, 103, '103/021052019230449.jpg'),
(48, 103, '103/021052019231218.jpg'),
(49, 0, '/021052019231227.jpg'),
(50, 103, '103/021052019231246.jpg'),
(51, 103, '103/021052019231934.jpg'),
(52, 109, '109/021052019234853.jpg'),
(53, 109, '109/021052019234858.jpg'),
(54, 78, '78/022052019003009.jpg'),
(55, 78, '78/022052019003119.jpg'),
(56, 78, '78/022052019003340.jpg'),
(57, 78, '78/122052019003340.jpg'),
(58, 110, '110/022052019005737.jpg'),
(59, 110, '110/022052019005803.jpg'),
(60, 110, '110/122052019005803.jpg'),
(61, 112, '112/022052019010339.jpg'),
(62, 110, '110/022052019011040.jpg'),
(63, 110, '110/022052019011053.jpg'),
(64, 110, '110/022052019011255.jpg'),
(65, 112, '112/023052019163430.jpg');

-- --------------------------------------------------------

--
-- Estructura de tabla para la tabla `llantas`
--

CREATE TABLE `llantas` (
  `id_llanta` int(11) NOT NULL,
  `id_servicio` int(11) NOT NULL,
  `llanta` int(3) NOT NULL,
  `observaciones` varchar(50) NOT NULL
) ENGINE=InnoDB DEFAULT CHARSET=utf8;

--
-- Volcado de datos para la tabla `llantas`
--

INSERT INTO `llantas` (`id_llanta`, `id_servicio`, `llanta`, `observaciones`) VALUES
(1, 103, 1, '35'),
(2, 103, 2, '32'),
(3, 103, 3, '12'),
(4, 103, 4, '34'),
(5, 103, 5, '20'),
(6, 103, 6, '54'),
(7, 103, 7, '54'),
(8, 103, 8, '32'),
(9, 103, 9, '32'),
(10, 103, 10, '32'),
(11, 104, 1, 'Buena'),
(12, 104, 2, 'Regular'),
(13, 104, 3, ''),
(14, 104, 4, ''),
(15, 104, 5, ''),
(16, 104, 6, ''),
(17, 104, 7, ''),
(18, 104, 8, ''),
(19, 104, 9, ''),
(20, 104, 10, ''),
(21, 105, 1, 'Buena'),
(22, 105, 2, 'Regulars'),
(23, 106, 1, 'asd'),
(24, 106, 2, 'asdasd'),
(25, 106, 3, 'asdasdasd'),
(26, 106, 4, 'asdasdasdasd'),
(27, 107, 1, 'a'),
(28, 107, 2, 'aa'),
(29, 107, 10, 'a'),
(30, 108, 1, 'a'),
(31, 108, 6, 'a'),
(32, 109, 1, 'a'),
(33, 109, 2, ''),
(34, 109, 3, ''),
(35, 109, 4, ''),
(36, 109, 5, 'a'),
(37, 109, 6, ''),
(38, 109, 7, ''),
(39, 109, 8, 'a'),
(40, 109, 9, ''),
(41, 109, 10, ''),
(42, 110, 1, ''),
(43, 110, 2, 'a'),
(44, 111, 1, ''),
(45, 111, 2, ''),
(46, 111, 3, ''),
(47, 111, 4, 'jh'),
(48, 112, 1, ''),
(49, 112, 2, ''),
(50, 112, 3, ''),
(51, 112, 4, 'kj'),
(52, 112, 5, ''),
(53, 112, 6, ''),
(54, 112, 7, 'gh'),
(55, 112, 8, ''),
(56, 113, 1, ''),
(57, 113, 2, ''),
(58, 113, 3, 'asd'),
(59, 113, 4, ''),
(60, 113, 5, ''),
(61, 113, 6, 'asd'),
(62, 113, 7, ''),
(63, 113, 8, ''),
(64, 114, 1, ''),
(65, 114, 2, ''),
(66, 114, 3, ''),
(67, 114, 4, ''),
(68, 114, 5, ''),
(69, 114, 6, ''),
(70, 114, 7, ''),
(71, 114, 8, ''),
(72, 114, 9, ''),
(73, 114, 10, ''),
(74, 115, 1, ''),
(75, 115, 2, ''),
(76, 115, 3, ''),
(77, 115, 4, ''),
(78, 115, 5, ''),
(79, 115, 6, ''),
(80, 115, 7, ''),
(81, 115, 8, ''),
(82, 115, 9, ''),
(83, 115, 10, ''),
(84, 116, 1, ''),
(85, 116, 2, ''),
(86, 116, 3, ''),
(87, 116, 4, ''),
(88, 116, 5, ''),
(89, 116, 6, ''),
(90, 116, 7, ''),
(91, 116, 8, ''),
(92, 116, 9, ''),
(93, 116, 10, '');

-- --------------------------------------------------------

--
-- Estructura de tabla para la tabla `mantenimientos`
--

CREATE TABLE `mantenimientos` (
  `id_mantenimiento` int(11) NOT NULL,
  `id_vehiculo` int(11) NOT NULL,
  `tipo_vehiculo` int(2) NOT NULL,
  `tipo` int(2) NOT NULL COMMENT '1 = M1, 2= M2',
  `km` int(6) NOT NULL,
  `observaciones` varchar(500) NOT NULL,
  `diagnostico` varchar(500) NOT NULL,
  `fecha` datetime NOT NULL,
  `estatus` int(2) NOT NULL COMMENT '1 = Bueno, 2 =Reparaciones leves, 3 = Urgentes'
) ENGINE=InnoDB DEFAULT CHARSET=utf8;

--
-- Volcado de datos para la tabla `mantenimientos`
--

INSERT INTO `mantenimientos` (`id_mantenimiento`, `id_vehiculo`, `tipo_vehiculo`, `tipo`, `km`, `observaciones`, `diagnostico`, `fecha`, `estatus`) VALUES
(10, 7, 1, 1, 0, '', '', '2019-04-29 02:37:39', 3),
(11, 27, 1, 1, 0, '', '', '2019-04-29 02:39:24', 3),
(12, 1, 1, 1, 0, '', '', '2019-04-29 02:42:08', 3),
(13, 1, 1, 1, 0, '', '', '2019-04-29 02:42:55', 3),
(14, 1, 1, 1, 0, '', '', '2019-04-29 02:47:33', 3),
(15, 1, 1, 1, 0, '', '', '2019-04-29 02:47:35', 3),
(16, 1, 1, 1, 0, '', '', '2019-04-29 02:48:34', 3),
(17, 1, 1, 1, 0, '', '', '2019-04-29 02:49:18', 3),
(18, 1, 1, 1, 0, '', '', '2019-04-29 02:50:26', 3),
(19, 1, 1, 1, 0, '', '', '2019-04-29 02:52:41', 3),
(20, 1, 1, 1, 0, '', '', '2019-04-29 02:53:39', 2),
(21, 1, 1, 1, 0, '', '', '2019-04-29 02:53:51', 3),
(22, 1, 1, 1, 0, '', '', '2019-04-29 02:54:15', 1),
(23, 1, 1, 1, 0, '', '', '2019-04-29 02:59:02', 1),
(24, 1, 1, 1, 0, '', '', '2019-04-29 02:59:15', 3),
(25, 1, 1, 1, 0, '', '', '2019-04-29 02:59:33', 2),
(26, 1, 1, 1, 0, 'asd', 'asd', '2019-04-29 03:00:05', 1),
(27, 4, 1, 1, 0, 'asdasd', 'asd', '2019-04-29 03:02:54', 3),
(28, 1, 1, 1, 0, 'asd', 'asdasd', '2019-04-29 03:03:44', 2),
(29, 1, 1, 2, 0, '', '', '2019-04-29 03:04:49', 1),
(30, 1, 1, 1, 0, '', '', '2019-04-29 03:17:45', 1),
(31, 1, 2, 2, 0, 'asd', 'asdasd', '2019-04-29 15:56:30', 1),
(32, 1, 2, 2, 0, 'asd', 'asdasd', '2019-04-29 15:56:35', 1),
(33, 1, 2, 1, 0, '', '', '2019-04-29 16:07:46', 1),
(34, 1, 2, 1, 0, 'asdasd', 'asdasdas', '2019-04-29 16:07:58', 1),
(35, 1, 1, 1, 0, '', '', '2019-04-29 16:08:10', 1),
(36, 1, 1, 1, 0, 'asdsasd', 'asdasdasdas', '2019-04-29 16:08:30', 1),
(37, 1, 1, 1, 0, 'asdsasd', 'asdasdasdas', '2019-04-29 16:08:50', 3),
(38, 1, 1, 1, 0, '', '', '2019-04-29 16:35:18', 1),
(39, 1, 1, 1, 0, '', '', '2019-04-29 18:29:22', 1),
(40, 7, 1, 1, 0, '', '', '2019-04-29 18:30:49', 1),
(41, 9, 1, 1, 0, '', '', '2019-04-29 18:38:27', 3),
(42, 1, 1, 1, 0, '', '', '2019-04-29 19:02:54', 1),
(43, 1, 1, 1, 0, '', '', '2019-04-29 19:03:12', 3),
(44, 1, 1, 1, 0, '', '', '2019-04-29 19:03:47', 3),
(45, 1, 1, 1, 0, '', '', '2019-04-29 19:03:55', 2),
(46, 1, 1, 1, 0, '', '', '2019-04-29 19:05:45', 1),
(47, 1, 1, 1, 0, '', '', '2019-04-29 19:10:02', 1),
(48, 1, 1, 1, 0, '', '', '2019-04-29 19:10:37', 1),
(49, 1, 1, 1, 0, '', '', '2019-04-29 19:11:17', 1),
(50, 1, 1, 1, 0, '', '', '2019-04-29 19:12:04', 1),
(51, 1, 1, 1, 0, '', '', '2019-04-29 19:15:02', 1),
(52, 1, 1, 1, 0, '', '', '2019-04-29 19:15:26', 1),
(53, 1, 1, 1, 0, '', '', '2019-04-29 19:21:20', 1),
(54, 1, 1, 1, 0, '', '', '2019-04-29 19:21:38', 1),
(55, 1, 1, 1, 0, '', '', '2019-04-29 19:22:36', 1),
(56, 1, 1, 1, 0, '', '', '2019-04-29 19:22:55', 2),
(57, 1, 1, 1, 0, '', '', '2019-04-29 19:23:09', 2),
(58, 1, 2, 1, 0, '', '', '2019-04-29 19:25:27', 1),
(59, 1, 2, 1, 0, '', '', '2019-04-29 19:25:32', 1),
(60, 1, 2, 1, 0, '', '', '2019-04-29 19:25:56', 1),
(61, 1, 2, 1, 0, '', '', '2019-04-29 19:26:01', 1),
(62, 1, 1, 1, 0, '', '', '2019-04-29 19:26:13', 3),
(63, 1, 2, 1, 0, '', '', '2019-04-29 19:26:51', 1),
(64, 1, 3, 1, 0, '<zx', 'asdasd', '2019-04-29 23:56:13', 1),
(65, 4, 3, 2, 0, 'asdasda', 'asdasdas', '2019-04-29 23:57:29', 1),
(66, 1, 4, 2, 0, '', '', '2019-04-30 00:03:04', 1),
(67, 1, 4, 2, 0, '', '', '2019-04-30 00:03:14', 2),
(68, 1, 4, 1, 0, '', '', '2019-04-30 00:03:30', 2),
(69, 1, 1, 1, 0, '', '', '2019-04-30 00:04:26', 3),
(70, 1, 4, 1, 0, '', '', '2019-04-30 00:06:21', 3),
(71, 7, 4, 2, 0, '', '', '2019-04-30 00:06:56', 3),
(72, 1, 4, 1, 0, '', '', '2019-04-30 00:07:21', 3),
(73, 3, 5, 1, 0, 'asd', 'asd', '2019-04-30 00:24:24', 3),
(74, 6, 5, 1, 0, 'asd', 'asd', '2019-04-30 00:24:34', 2),
(75, 6, 5, 1, 0, 'asd', 'asd', '2019-04-30 00:24:40', 1),
(76, 1, 1, 1, 524125, '', '', '2019-05-01 23:04:11', 1),
(77, 1, 1, 1, 8752, '', '', '2019-05-01 23:08:11', 1),
(78, 6, 1, 1, 57895, 'Mencionadas', 'Se realizaron.....', '2019-05-02 00:01:30', 3),
(79, 1, 2, 1, 58745, 'asd', 'asd', '2019-05-02 00:05:30', 1),
(80, 1, 2, 1, 58745, 'asd', 'asd', '2019-05-02 00:05:50', 3),
(81, 1, 4, 1, 0, '', '', '2019-05-02 00:06:16', 2),
(82, 1, 4, 1, 0, 'sad', 'asd', '2019-05-02 00:06:41', 2),
(83, 1, 4, 1, 0, 'sad', 'asd', '2019-05-02 00:07:01', 2),
(84, 1, 3, 1, 25455, '', '', '2019-05-02 00:07:45', 3),
(85, 1, 3, 1, 25455, '', '', '2019-05-02 00:07:51', 2),
(86, 1, 5, 1, 0, '', '', '2019-05-02 00:08:03', 3),
(87, 1, 4, 1, 0, '', '', '2019-05-02 00:08:14', 2),
(88, 1, 4, 1, 0, '', '', '2019-05-02 00:09:25', 1),
(89, 1, 4, 1, 0, '', '', '2019-05-02 00:09:33', 3),
(90, 1, 4, 1, 0, '', '', '2019-05-02 00:09:41', 3),
(91, 1, 4, 1, 0, '', '', '2019-05-02 00:09:52', 3),
(92, 1, 4, 1, 0, '', '', '2019-05-02 00:10:07', 3),
(93, 1, 4, 1, 0, 'asd', 'asd', '2019-05-02 00:16:51', 3),
(94, 1, 1, 1, 0, '', '', '2019-05-02 04:06:13', 3),
(95, 1, 5, 1, 0, 'asd', 'asd', '2019-05-02 04:16:04', 1),
(96, 1, 5, 1, 0, '', '', '2019-05-02 04:20:23', 2),
(97, 1, 5, 1, 0, '', '', '2019-05-02 04:26:16', 3),
(98, 1, 5, 1, 0, '', '', '2019-05-02 04:26:21', 3),
(99, 1, 5, 1, 0, '', '', '2019-05-02 04:26:27', 3),
(100, 1, 4, 1, 0, 'PRUEBA', 'PRUEBA', '2019-05-02 04:27:06', 3),
(101, 1, 4, 1, 0, 'PRUEBA', 'PRUEBA', '2019-05-02 04:27:13', 2),
(102, 1, 4, 1, 0, 'PRUEBA', 'PRUEBA', '2019-05-02 04:27:19', 3),
(103, 1, 1, 1, 58888, 'asdasd', 'asdasdasd', '2019-05-18 18:55:08', 3),
(104, 1, 2, 1, 58782, 'asd', 'asdasd', '2019-05-18 20:34:04', 1),
(105, 1, 2, 1, 58782, 'asd', 'asdasd', '2019-05-18 20:35:49', 1),
(106, 1, 3, 1, 1520, '', '', '2019-05-18 20:41:27', 1),
(107, 1, 4, 1, 0, 'a', 'aa', '2019-05-18 20:42:48', 1),
(108, 1, 4, 1, 0, 'aaa', '', '2019-05-18 20:44:20', 1),
(109, 1, 1, 1, 1888, '', '', '2019-05-18 20:50:41', 1),
(110, 1, 2, 1, 1, '', '', '2019-05-18 20:51:11', 1),
(111, 1, 3, 1, 1, '', '', '2019-05-18 20:51:34', 1),
(112, 1, 4, 1, 0, '', '', '2019-05-18 20:51:54', 1),
(113, 1, 5, 1, 0, '', '', '2019-05-18 20:52:50', 1),
(114, 2, 1, 1, 10000, '', '', '2019-11-05 15:00:16', 1),
(115, 2, 1, 1, 21000, '', '', '2019-11-05 15:00:46', 1),
(116, 1, 1, 1, 0, '', '', '2020-02-20 20:10:25', 3);

-- --------------------------------------------------------

--
-- Estructura de tabla para la tabla `montacargas`
--

CREATE TABLE `montacargas` (
  `id_montacargas` int(11) NOT NULL,
  `nombre` varchar(50) NOT NULL,
  `combustible` varchar(20) NOT NULL,
  `serie` varchar(40) NOT NULL,
  `marca` varchar(30) NOT NULL,
  `modelo` varchar(25) NOT NULL
) ENGINE=InnoDB DEFAULT CHARSET=utf8;

--
-- Volcado de datos para la tabla `montacargas`
--

INSERT INTO `montacargas` (`id_montacargas`, `nombre`, `combustible`, `serie`, `marca`, `modelo`) VALUES
(1, 'HERCULES', 'DIESEL', 'D81500004', 'HANGCHA ', 'CPCD150'),
(2, 'QUERETARO', 'GAS', 'AT8EW00514', 'CARTEPILLAR ', 'GC30K'),
(3, 'COLOMOS', 'GASOLINA', 'H177B27604Y', 'HYSTER', 'H55XM'),
(4, 'COLOMOS 2', 'GAS', 'H177B56044C', 'HYSTER', 'H60XM'),
(5, 'HERCULES 2', 'GASOLINA', '5421DF21SDF2', 'HOIO', '855PC');

-- --------------------------------------------------------

--
-- Estructura de tabla para la tabla `motos`
--

CREATE TABLE `motos` (
  `id_moto` int(11) NOT NULL,
  `nombre` varchar(50) NOT NULL,
  `placas` varchar(20) NOT NULL,
  `serie` varchar(40) NOT NULL,
  `marca` varchar(30) NOT NULL,
  `modelo` int(5) NOT NULL
) ENGINE=InnoDB DEFAULT CHARSET=utf8;

--
-- Volcado de datos para la tabla `motos`
--

INSERT INTO `motos` (`id_moto`, `nombre`, `placas`, `serie`, `marca`, `modelo`) VALUES
(1, 'MOTO 1', 'K60LF', '3H1JA4177ED320761', 'HONDA', 2014),
(2, 'MOTO 2', 'K51EJ', 'MD2PFS2Z6CFA00233', 'KAWASAKI', 2012),
(3, 'MOTO 3', 'HNND78', '44D5FAS5FAS54', 'HONDA', 2007);

-- --------------------------------------------------------

--
-- Estructura de tabla para la tabla `operarios`
--

CREATE TABLE `operarios` (
  `id_operario` int(11) NOT NULL,
  `nombre` varchar(500) COLLATE utf8_spanish2_ci NOT NULL,
  `apaterno` varchar(500) COLLATE utf8_spanish2_ci NOT NULL,
  `amaterno` varchar(500) COLLATE utf8_spanish2_ci NOT NULL,
  `fecha_exp` date NOT NULL,
  `telefono` varchar(250) COLLATE utf8_spanish2_ci NOT NULL,
  `direccion` varchar(250) COLLATE utf8_spanish2_ci NOT NULL,
  `email` varchar(500) COLLATE utf8_spanish2_ci NOT NULL,
  `estatus` int(11) NOT NULL
) ENGINE=InnoDB DEFAULT CHARSET=utf8 COLLATE=utf8_spanish2_ci;

--
-- Volcado de datos para la tabla `operarios`
--

INSERT INTO `operarios` (`id_operario`, `nombre`, `apaterno`, `amaterno`, `fecha_exp`, `telefono`, `direccion`, `email`, `estatus`) VALUES
(1, 'Jose Isai ', 'Suarez', 'Munguia', '2020-05-20', '555055', 'direccion 1', 'email 1', 1),
(2, 'Eduardo', 'Suarez', 'Munguia', '2019-05-18', '3350555', 'direccion 2', 'email2', 1),
(3, 'Cesar Daniel', 'Rico', 'punzo', '2020-02-28', '555 0505', 'C.Pera 97 la huerta', 'cesar.seckr159@gmail.com', 1);

-- --------------------------------------------------------

--
-- Estructura de tabla para la tabla `reg_ent_sal`
--

CREATE TABLE `reg_ent_sal` (
  `id_reg` int(11) NOT NULL,
  `id_viaje` int(11) NOT NULL,
  `km` int(11) NOT NULL,
  `disel` varchar(500) COLLATE utf8_spanish2_ci NOT NULL,
  `folio` varchar(500) COLLATE utf8_spanish2_ci NOT NULL,
  `fecha` date NOT NULL,
  `hora` time NOT NULL,
  `tipo` int(11) NOT NULL,
  `comentario` text COLLATE utf8_spanish2_ci NOT NULL
) ENGINE=InnoDB DEFAULT CHARSET=utf8 COLLATE=utf8_spanish2_ci;

--
-- Volcado de datos para la tabla `reg_ent_sal`
--

INSERT INTO `reg_ent_sal` (`id_reg`, `id_viaje`, `km`, `disel`, `folio`, `fecha`, `hora`, `tipo`, `comentario`) VALUES
(18, 15, 124, '55', '147 963', '2020-03-12', '15:01:26', 1, 'comentario salida'),
(19, 15, 124, '13', '145 632', '2020-03-12', '15:02:24', 2, 'comentario entrada'),
(20, 16, 123450, '444', '12345', '2020-03-12', '15:13:09', 1, 'dsfasdfasdf'),
(21, 16, 3, '250', '2.2', '2020-03-12', '15:13:19', 2, 'asfasdfasdf');

-- --------------------------------------------------------

--
-- Estructura de tabla para la tabla `servicios`
--

CREATE TABLE `servicios` (
  `id_servicio` int(11) NOT NULL,
  `id_mantenimiento` int(11) NOT NULL,
  `id_catalogo` int(11) NOT NULL,
  `diagnostico` varchar(150) NOT NULL,
  `estatus` int(2) NOT NULL COMMENT '1 = Bueno, 2 = Regular, 3 = Malo'
) ENGINE=InnoDB DEFAULT CHARSET=utf8;

--
-- Volcado de datos para la tabla `servicios`
--

INSERT INTO `servicios` (`id_servicio`, `id_mantenimiento`, `id_catalogo`, `diagnostico`, `estatus`) VALUES
(1, 5, 1, '', 1),
(2, 5, 3, '', 1),
(3, 5, 2, '', 1),
(4, 5, 4, '', 1),
(5, 5, 5, '', 1),
(6, 5, 6, '', 1),
(7, 5, 7, '', 1),
(8, 5, 8, '', 1),
(9, 5, 9, '', 1),
(10, 5, 10, '', 1),
(11, 5, 11, '', 1),
(12, 5, 12, '', 1),
(13, 5, 13, '', 1),
(14, 5, 15, '', 1),
(15, 5, 14, '', 1),
(16, 5, 16, '', 1),
(17, 5, 17, '', 1),
(18, 5, 19, '', 1),
(19, 5, 18, '', 1),
(20, 5, 21, '', 1),
(21, 5, 20, '', 1),
(22, 5, 23, '', 1),
(23, 5, 22, '', 1),
(24, 5, 24, '', 1),
(25, 5, 25, '', 1),
(26, 5, 27, '', 1),
(27, 5, 26, '', 1),
(28, 5, 29, '', 1),
(29, 5, 28, '', 1),
(30, 5, 30, '', 1),
(31, 5, 31, '', 1),
(32, 5, 33, '', 1),
(33, 5, 32, '', 1),
(34, 5, 34, '', 1),
(35, 5, 35, '', 1),
(36, 5, 36, '', 1),
(37, 5, 39, '', 1),
(38, 5, 38, '', 1),
(39, 5, 37, '', 1),
(40, 5, 40, '', 1),
(41, 5, 41, '', 1),
(42, 5, 42, '', 1),
(43, 5, 43, '', 1),
(44, 5, 44, '', 1),
(45, 5, 45, '', 1),
(46, 5, 46, '', 1),
(47, 5, 48, '', 1),
(48, 5, 47, '', 1),
(49, 5, 50, '', 1),
(50, 5, 49, '', 1),
(51, 5, 52, '', 1),
(52, 5, 51, '', 1),
(53, 5, 53, '', 1),
(54, 5, 55, '', 1),
(55, 5, 54, '', 1),
(56, 5, 56, '', 1),
(57, 5, 57, '', 1),
(58, 5, 58, '', 1),
(59, 5, 59, '', 1),
(60, 5, 60, '', 1),
(61, 5, 61, '', 1),
(62, 5, 62, '', 1),
(63, 5, 63, '', 1),
(64, 5, 64, '', 1),
(65, 5, 65, '', 1),
(66, 5, 67, '', 1),
(67, 5, 66, '', 1),
(68, 6, 1, '', 1),
(69, 6, 3, '', 1),
(70, 6, 5, '', 1),
(71, 6, 4, '', 1),
(72, 6, 2, '', 1),
(73, 6, 6, '', 1),
(74, 6, 7, '', 1),
(75, 6, 8, '', 1),
(76, 6, 9, '', 1),
(77, 6, 10, '', 1),
(78, 6, 11, '', 1),
(79, 6, 13, '', 1),
(80, 6, 14, '', 1),
(81, 6, 12, '', 1),
(82, 6, 15, '', 1),
(83, 6, 16, '', 1),
(84, 6, 17, '', 1),
(85, 6, 18, '', 1),
(86, 6, 20, '', 1),
(87, 6, 19, '', 1),
(88, 6, 24, '', 1),
(89, 6, 23, '', 1),
(90, 6, 21, '', 1),
(91, 6, 22, '', 1),
(92, 6, 25, '', 1),
(93, 6, 26, '', 1),
(94, 6, 27, '', 1),
(95, 6, 28, '', 1),
(96, 6, 29, '', 1),
(97, 6, 30, '', 1),
(98, 6, 31, '', 1),
(99, 6, 32, '', 1),
(100, 6, 34, '', 1),
(101, 6, 33, '', 1),
(102, 6, 36, '', 1),
(103, 6, 35, '', 1),
(104, 6, 37, '', 1),
(105, 6, 38, '', 1),
(106, 6, 40, '', 1),
(107, 6, 39, '', 1),
(108, 6, 42, '', 1),
(109, 6, 41, '', 1),
(110, 6, 46, '', 1),
(111, 6, 43, '', 1),
(112, 6, 44, '', 1),
(113, 6, 45, '', 1),
(114, 6, 47, '', 1),
(115, 6, 48, '', 1),
(116, 6, 52, '', 1),
(117, 6, 50, '', 1),
(118, 6, 51, '', 1),
(119, 6, 49, '', 1),
(120, 6, 53, '', 1),
(121, 6, 54, '', 1),
(122, 6, 57, '', 1),
(123, 6, 55, '', 1),
(124, 6, 58, '', 1),
(125, 6, 56, '', 1),
(126, 6, 60, '', 1),
(127, 6, 59, '', 1),
(128, 6, 62, '', 1),
(129, 6, 63, '', 1),
(130, 6, 61, '', 1),
(131, 6, 64, '', 1),
(132, 6, 66, '', 2),
(133, 6, 65, '', 3),
(134, 6, 67, '', 2),
(135, 7, 1, '', 1),
(136, 7, 2, '', 1),
(137, 7, 4, '', 1),
(138, 7, 5, '', 1),
(139, 7, 3, '', 1),
(140, 7, 6, '', 1),
(141, 7, 7, '', 1),
(142, 7, 8, '', 1),
(143, 7, 9, '', 1),
(144, 7, 10, '', 1),
(145, 7, 11, '', 1),
(146, 7, 12, '', 1),
(147, 7, 13, '', 1),
(148, 7, 14, '', 1),
(149, 7, 15, '', 1),
(150, 7, 16, '', 1),
(151, 7, 17, '', 1),
(152, 7, 18, '', 1),
(153, 7, 19, '', 1),
(154, 7, 20, '', 1),
(155, 7, 21, '', 1),
(156, 7, 23, '', 1),
(157, 7, 22, '', 1),
(158, 7, 24, '', 1),
(159, 7, 25, '', 1),
(160, 7, 26, '', 1),
(161, 7, 27, '', 1),
(162, 7, 28, '', 1),
(163, 7, 29, '', 1),
(164, 7, 30, '', 1),
(165, 7, 31, '', 1),
(166, 7, 32, '', 1),
(167, 7, 33, '', 1),
(168, 7, 34, '', 1),
(169, 7, 35, '', 1),
(170, 7, 36, '', 1),
(171, 7, 37, '', 1),
(172, 7, 38, '', 1),
(173, 7, 40, '', 1),
(174, 7, 41, '', 1),
(175, 7, 39, '', 1),
(176, 7, 42, '', 1),
(177, 7, 43, '', 1),
(178, 7, 44, '', 1),
(179, 7, 45, '', 1),
(180, 7, 46, '', 1),
(181, 7, 47, '', 1),
(182, 7, 48, '', 1),
(183, 7, 49, '', 1),
(184, 7, 50, '', 1),
(185, 7, 51, '', 1),
(186, 7, 53, '', 1),
(187, 7, 52, '', 1),
(188, 7, 54, '', 1),
(189, 7, 55, '', 1),
(190, 7, 56, '', 1),
(191, 7, 57, '', 1),
(192, 7, 58, '', 1),
(193, 7, 60, '', 1),
(194, 7, 59, '', 1),
(195, 7, 61, '', 1),
(196, 7, 62, '', 1),
(197, 7, 63, '', 1),
(198, 7, 64, '', 1),
(199, 7, 65, '', 2),
(200, 7, 66, '', 3),
(201, 7, 67, '', 2),
(202, 8, 1, '', 1),
(203, 8, 2, '', 1),
(204, 8, 3, '', 1),
(205, 8, 4, '', 1),
(206, 8, 5, '', 1),
(207, 8, 6, '', 1),
(208, 8, 7, '', 1),
(209, 8, 8, '', 1),
(210, 8, 10, '', 1),
(211, 8, 9, '', 1),
(212, 8, 11, '', 1),
(213, 8, 12, '', 1),
(214, 8, 13, '', 1),
(215, 8, 14, '', 1),
(216, 8, 15, '', 1),
(217, 8, 16, '', 1),
(218, 8, 17, '', 1),
(219, 8, 18, '', 1),
(220, 8, 19, '', 1),
(221, 8, 21, '', 1),
(222, 8, 22, '', 1),
(223, 8, 20, '', 1),
(224, 8, 24, '', 1),
(225, 8, 23, '', 1),
(226, 8, 25, '', 1),
(227, 8, 26, '', 1),
(228, 8, 27, '', 1),
(229, 8, 28, '', 1),
(230, 8, 29, '', 1),
(231, 8, 30, '', 1),
(232, 8, 31, '', 1),
(233, 8, 32, '', 1),
(234, 8, 33, '', 1),
(235, 8, 34, '', 1),
(236, 8, 35, '', 1),
(237, 8, 36, '', 1),
(238, 8, 37, '', 1),
(239, 8, 38, '', 1),
(240, 8, 39, '', 1),
(241, 8, 40, '', 1),
(242, 8, 41, '', 1),
(243, 8, 42, '', 1),
(244, 8, 43, '', 1),
(245, 8, 46, '', 1),
(246, 8, 44, '', 1),
(247, 8, 47, '', 1),
(248, 8, 45, '', 1),
(249, 8, 48, '', 1),
(250, 8, 49, '', 1),
(251, 8, 50, '', 1),
(252, 8, 51, '', 1),
(253, 8, 52, '', 1),
(254, 8, 53, '', 1),
(255, 8, 54, '', 1),
(256, 8, 55, '', 1),
(257, 8, 56, '', 1),
(258, 8, 57, '', 1),
(259, 8, 58, '', 1),
(260, 8, 59, '', 1),
(261, 8, 60, '', 1),
(262, 8, 61, '', 1),
(263, 8, 62, '', 1),
(264, 8, 63, '', 1),
(265, 8, 65, '', 2),
(266, 8, 64, '', 1),
(267, 8, 66, '', 3),
(268, 8, 67, '', 2),
(269, 9, 1, '', 1),
(270, 9, 4, '', 1),
(271, 9, 3, '', 1),
(272, 9, 5, '', 1),
(273, 9, 2, '', 1),
(274, 9, 6, '', 1),
(275, 9, 7, '', 1),
(276, 9, 8, '', 1),
(277, 9, 9, '', 1),
(278, 9, 10, '', 1),
(279, 9, 11, '', 1),
(280, 9, 12, '', 1),
(281, 9, 13, '', 1),
(282, 9, 14, '', 1),
(283, 9, 15, '', 1),
(284, 9, 16, '', 1),
(285, 9, 18, '', 1),
(286, 9, 17, '', 1),
(287, 9, 19, '', 1),
(288, 9, 20, '', 1),
(289, 9, 22, '', 1),
(290, 9, 23, '', 1),
(291, 9, 21, '', 1),
(292, 9, 24, '', 1),
(293, 9, 25, '', 1),
(294, 9, 26, '', 1),
(295, 9, 27, '', 1),
(296, 9, 28, '', 1),
(297, 9, 29, '', 1),
(298, 9, 30, '', 1),
(299, 9, 31, '', 1),
(300, 9, 32, '', 1),
(301, 9, 34, '', 1),
(302, 9, 33, '', 1),
(303, 9, 35, '', 1),
(304, 9, 36, '', 1),
(305, 9, 37, '', 1),
(306, 9, 38, '', 1),
(307, 9, 39, '', 1),
(308, 9, 40, '', 1),
(309, 9, 42, '', 1),
(310, 9, 41, '', 1),
(311, 9, 43, '', 1),
(312, 9, 44, '', 1),
(313, 9, 45, '', 1),
(314, 9, 47, '', 1),
(315, 9, 46, '', 1),
(316, 9, 48, '', 1),
(317, 9, 49, '', 1),
(318, 9, 50, '', 1),
(319, 9, 51, '', 1),
(320, 9, 52, '', 1),
(321, 9, 53, '', 1),
(322, 9, 54, '', 1),
(323, 9, 55, '', 1),
(324, 9, 56, '', 1),
(325, 9, 57, '', 1),
(326, 9, 58, '', 1),
(327, 9, 59, '', 1),
(328, 9, 60, '', 1),
(329, 9, 61, '', 2),
(330, 9, 62, '', 2),
(331, 9, 63, '', 1),
(332, 9, 64, '', 1),
(333, 9, 65, '', 3),
(334, 9, 66, '', 1),
(335, 9, 67, '', 1),
(336, 10, 1, '', 1),
(337, 10, 3, '', 1),
(338, 10, 4, '', 1),
(339, 10, 5, '', 1),
(340, 10, 2, '', 1),
(341, 10, 6, '', 1),
(342, 10, 7, '', 1),
(343, 10, 8, '', 1),
(344, 10, 9, '', 1),
(345, 10, 11, '', 1),
(346, 10, 10, '', 1),
(347, 10, 12, '', 1),
(348, 10, 13, '', 1),
(349, 10, 14, '', 1),
(350, 10, 17, '', 1),
(351, 10, 16, '', 1),
(352, 10, 15, '', 1),
(353, 10, 18, '', 1),
(354, 10, 19, '', 1),
(355, 10, 20, '', 1),
(356, 10, 22, '', 1),
(357, 10, 21, '', 1),
(358, 10, 23, '', 1),
(359, 10, 24, '', 1),
(360, 10, 25, '', 1),
(361, 10, 26, '', 1),
(362, 10, 27, '', 1),
(363, 10, 28, '', 1),
(364, 10, 29, '', 1),
(365, 10, 30, '', 1),
(366, 10, 31, '', 1),
(367, 10, 32, '', 1),
(368, 10, 33, '', 1),
(369, 10, 34, '', 1),
(370, 10, 35, '', 1),
(371, 10, 36, '', 1),
(372, 10, 37, '', 1),
(373, 10, 38, '', 1),
(374, 10, 40, '', 1),
(375, 10, 39, '', 1),
(376, 10, 41, '', 1),
(377, 10, 42, '', 1),
(378, 10, 43, '', 1),
(379, 10, 44, '', 1),
(380, 10, 46, '', 1),
(381, 10, 47, '', 1),
(382, 10, 48, '', 1),
(383, 10, 45, '', 1),
(384, 10, 49, '', 1),
(385, 10, 50, '', 1),
(386, 10, 52, '', 1),
(387, 10, 53, '', 1),
(388, 10, 51, '', 1),
(389, 10, 54, '', 1),
(390, 10, 55, '', 2),
(391, 10, 56, '', 1),
(392, 10, 57, '', 1),
(393, 10, 58, '', 3),
(394, 10, 59, '', 1),
(395, 10, 60, '', 2),
(396, 10, 61, '', 1),
(397, 10, 62, '', 1),
(398, 10, 63, '', 1),
(399, 10, 64, '', 1),
(400, 10, 65, '', 1),
(401, 10, 66, '', 1),
(402, 10, 67, '', 1),
(403, 11, 1, '', 1),
(404, 11, 2, '', 1),
(405, 11, 3, '', 1),
(406, 11, 4, '', 1),
(407, 11, 5, '', 1),
(408, 11, 6, '', 1),
(409, 11, 7, '', 1),
(410, 11, 8, '', 1),
(411, 11, 9, '', 1),
(412, 11, 10, '', 2),
(413, 11, 11, '', 1),
(414, 11, 12, '', 1),
(415, 11, 13, '', 3),
(416, 11, 14, '', 1),
(417, 11, 15, '', 2),
(418, 11, 16, '', 1),
(419, 11, 17, '', 1),
(420, 11, 18, '', 1),
(421, 11, 19, '', 1),
(422, 11, 20, '', 2),
(423, 11, 21, '', 1),
(424, 11, 22, '', 1),
(425, 11, 26, '', 1),
(426, 11, 23, '', 1),
(427, 11, 25, '', 1),
(428, 11, 24, '', 1),
(429, 11, 27, '', 1),
(430, 11, 28, '', 1),
(431, 11, 30, '', 1),
(432, 11, 31, '', 1),
(433, 11, 29, '', 1),
(434, 11, 33, '', 1),
(435, 11, 32, '', 1),
(436, 11, 34, '', 1),
(437, 11, 36, '', 1),
(438, 11, 39, '', 1),
(439, 11, 37, '', 1),
(440, 11, 35, '', 1),
(441, 11, 38, '', 1),
(442, 11, 40, '', 1),
(443, 11, 44, '', 1),
(444, 11, 45, '', 1),
(445, 11, 43, '', 1),
(446, 11, 42, '', 1),
(447, 11, 41, '', 1),
(448, 11, 46, '', 1),
(449, 11, 48, '', 1),
(450, 11, 47, '', 1),
(451, 11, 49, '', 1),
(452, 11, 51, '', 1),
(453, 11, 50, '', 1),
(454, 11, 52, '', 1),
(455, 11, 57, '', 1),
(456, 11, 56, '', 1),
(457, 11, 53, '', 1),
(458, 11, 55, '', 1),
(459, 11, 54, '', 1),
(460, 11, 58, '', 1),
(461, 11, 61, '', 1),
(462, 11, 63, '', 1),
(463, 11, 62, '', 1),
(464, 11, 60, '', 1),
(465, 11, 59, '', 1),
(466, 11, 64, '', 1),
(467, 11, 67, '', 1),
(468, 11, 65, '', 1),
(469, 11, 66, '', 1),
(470, 12, 1, '', 1),
(471, 12, 2, '', 2),
(472, 12, 5, '', 3),
(473, 12, 3, '', 1),
(474, 12, 4, '', 1),
(475, 12, 6, '', 1),
(476, 12, 7, '', 1),
(477, 12, 8, '', 2),
(478, 12, 9, '', 1),
(479, 12, 10, '', 1),
(480, 12, 11, '', 1),
(481, 12, 12, '', 1),
(482, 12, 13, '', 1),
(483, 12, 14, '', 1),
(484, 12, 15, '', 1),
(485, 12, 16, '', 1),
(486, 12, 17, '', 1),
(487, 12, 18, '', 1),
(488, 12, 22, '', 1),
(489, 12, 21, '', 1),
(490, 12, 19, '', 1),
(491, 12, 20, '', 1),
(492, 12, 23, '', 1),
(493, 12, 24, '', 1),
(494, 12, 25, '', 1),
(495, 12, 26, '', 1),
(496, 12, 27, '', 1),
(497, 12, 28, '', 1),
(498, 12, 29, '', 1),
(499, 12, 30, '', 1),
(500, 12, 31, '', 1),
(501, 12, 32, '', 1),
(502, 12, 34, '', 1),
(503, 12, 33, '', 1),
(504, 12, 36, '', 1),
(505, 12, 35, '', 1),
(506, 12, 37, '', 1),
(507, 12, 38, '', 1),
(508, 12, 39, '', 1),
(509, 12, 40, '', 1),
(510, 12, 41, '', 1),
(511, 12, 42, '', 1),
(512, 12, 43, '', 1),
(513, 12, 44, '', 1),
(514, 12, 45, '', 1),
(515, 12, 47, '', 1),
(516, 12, 48, '', 1),
(517, 12, 46, '', 1),
(518, 12, 49, '', 1),
(519, 12, 50, '', 1),
(520, 12, 51, '', 1),
(521, 12, 52, '', 1),
(522, 12, 53, '', 1),
(523, 12, 54, '', 1),
(524, 12, 55, '', 1),
(525, 12, 56, '', 1),
(526, 12, 57, '', 1),
(527, 12, 58, '', 1),
(528, 12, 59, '', 1),
(529, 12, 60, '', 1),
(530, 12, 63, '', 1),
(531, 12, 64, '', 1),
(532, 12, 62, '', 1),
(533, 12, 61, '', 1),
(534, 12, 65, '', 1),
(535, 12, 66, '', 1),
(536, 12, 67, '', 1),
(537, 13, 1, '', 1),
(538, 13, 2, '', 2),
(539, 13, 5, '', 3),
(540, 13, 4, '', 1),
(541, 13, 3, '', 1),
(542, 13, 6, '', 1),
(543, 13, 7, '', 1),
(544, 13, 10, '', 1),
(545, 13, 12, '', 1),
(546, 13, 8, '', 2),
(547, 13, 9, '', 1),
(548, 13, 11, '', 1),
(549, 13, 13, '', 1),
(550, 13, 15, '', 1),
(551, 13, 16, '', 1),
(552, 13, 17, '', 1),
(553, 13, 18, '', 1),
(554, 13, 14, '', 1),
(555, 13, 19, '', 1),
(556, 13, 24, '', 1),
(557, 13, 23, '', 1),
(558, 13, 21, '', 1),
(559, 13, 22, '', 1),
(560, 13, 20, '', 1),
(561, 13, 25, '', 1),
(562, 13, 26, '', 1),
(563, 13, 29, '', 1),
(564, 13, 27, '', 3),
(565, 13, 28, '', 1),
(566, 13, 30, '', 1),
(567, 13, 31, '', 1),
(568, 13, 32, '', 1),
(569, 13, 33, '', 1),
(570, 13, 34, '', 1),
(571, 13, 36, '', 1),
(572, 13, 35, '', 1),
(573, 13, 37, '', 1),
(574, 13, 41, '', 1),
(575, 13, 40, '', 1),
(576, 13, 39, '', 1),
(577, 13, 42, '', 1),
(578, 13, 38, '', 1),
(579, 13, 43, '', 1),
(580, 13, 48, '', 1),
(581, 13, 45, '', 1),
(582, 13, 47, '', 1),
(583, 13, 44, '', 1),
(584, 13, 46, '', 1),
(585, 13, 49, '', 1),
(586, 13, 51, '', 1),
(587, 13, 50, '', 1),
(588, 13, 52, '', 1),
(589, 13, 53, '', 1),
(590, 13, 54, '', 1),
(591, 13, 55, '', 1),
(592, 13, 57, '', 1),
(593, 13, 56, '', 1),
(594, 13, 58, '', 1),
(595, 13, 59, '', 1),
(596, 13, 60, '', 1),
(597, 13, 61, '', 1),
(598, 13, 66, '', 1),
(599, 13, 65, '', 1),
(600, 13, 64, '', 1),
(601, 13, 62, '', 1),
(602, 13, 63, '', 1),
(603, 13, 67, '', 3),
(604, 14, 1, '', 1),
(605, 14, 2, '', 1),
(606, 14, 3, '', 1),
(607, 14, 4, '', 1),
(608, 14, 5, '', 1),
(609, 14, 6, '', 1),
(610, 14, 7, '', 1),
(611, 14, 12, '', 1),
(612, 14, 9, '', 1),
(613, 14, 8, '', 1),
(614, 14, 11, '', 1),
(615, 14, 10, '', 2),
(616, 14, 13, '', 1),
(617, 14, 14, '', 1),
(618, 14, 15, '', 3),
(619, 14, 19, '', 1),
(620, 14, 16, '', 1),
(621, 14, 17, '', 2),
(622, 14, 18, '', 1),
(623, 14, 20, '', 1),
(624, 14, 23, '', 1),
(625, 14, 24, '', 1),
(626, 14, 25, '', 1),
(627, 14, 22, '', 1),
(628, 14, 21, '', 1),
(629, 14, 26, '', 1),
(630, 14, 28, '', 1),
(631, 14, 29, '', 1),
(632, 14, 30, '', 1),
(633, 14, 27, '', 1),
(634, 14, 31, '', 1),
(635, 14, 32, '', 1),
(636, 14, 33, '', 1),
(637, 14, 34, '', 1),
(638, 14, 36, '', 1),
(639, 14, 37, '', 1),
(640, 14, 35, '', 1),
(641, 14, 38, '', 1),
(642, 14, 43, '', 1),
(643, 14, 41, '', 1),
(644, 14, 39, '', 1),
(645, 14, 40, '', 1),
(646, 14, 42, '', 1),
(647, 14, 44, '', 1),
(648, 14, 48, '', 1),
(649, 14, 45, '', 1),
(650, 14, 47, '', 1),
(651, 14, 49, '', 1),
(652, 14, 46, '', 1),
(653, 14, 50, '', 1),
(654, 14, 52, '', 1),
(655, 14, 51, '', 1),
(656, 14, 53, '', 1),
(657, 14, 55, '', 1),
(658, 14, 54, '', 1),
(659, 14, 56, '', 1),
(660, 14, 58, '', 1),
(661, 14, 61, '', 1),
(662, 14, 57, '', 1),
(663, 14, 60, '', 1),
(664, 14, 59, '', 1),
(665, 14, 62, '', 1),
(666, 14, 63, '', 1),
(667, 14, 64, '', 1),
(668, 14, 65, '', 1),
(669, 14, 67, '', 1),
(670, 14, 66, '', 1),
(671, 15, 2, '', 1),
(672, 15, 3, '', 1),
(673, 15, 4, '', 1),
(674, 15, 5, '', 1),
(675, 15, 6, '', 1),
(676, 15, 1, '', 1),
(677, 15, 7, '', 1),
(678, 15, 8, '', 1),
(679, 15, 10, '', 2),
(680, 15, 12, '', 1),
(681, 15, 9, '', 1),
(682, 15, 11, '', 1),
(683, 15, 13, '', 1),
(684, 15, 14, '', 1),
(685, 15, 16, '', 1),
(686, 15, 17, '', 2),
(687, 15, 15, '', 3),
(688, 15, 18, '', 1),
(689, 15, 19, '', 1),
(690, 15, 23, '', 1),
(691, 15, 21, '', 1),
(692, 15, 22, '', 1),
(693, 15, 24, '', 1),
(694, 15, 20, '', 1),
(695, 15, 25, '', 1),
(696, 15, 27, '', 1),
(697, 15, 26, '', 1),
(698, 15, 28, '', 1),
(699, 15, 30, '', 1),
(700, 15, 29, '', 1),
(701, 15, 31, '', 1),
(702, 15, 32, '', 1),
(703, 15, 33, '', 1),
(704, 15, 34, '', 1),
(705, 15, 36, '', 1),
(706, 15, 35, '', 1),
(707, 15, 37, '', 1),
(708, 15, 40, '', 1),
(709, 15, 41, '', 1),
(710, 15, 39, '', 1),
(711, 15, 42, '', 1),
(712, 15, 38, '', 1),
(713, 15, 43, '', 1),
(714, 15, 46, '', 1),
(715, 15, 44, '', 1),
(716, 15, 47, '', 1),
(717, 15, 45, '', 1),
(718, 15, 48, '', 1),
(719, 15, 49, '', 1),
(720, 15, 52, '', 1),
(721, 15, 51, '', 1),
(722, 15, 50, '', 1),
(723, 15, 53, '', 1),
(724, 15, 54, '', 1),
(725, 15, 55, '', 1),
(726, 15, 56, '', 1),
(727, 15, 58, '', 1),
(728, 15, 60, '', 1),
(729, 15, 57, '', 1),
(730, 15, 59, '', 1),
(731, 15, 61, '', 1),
(732, 15, 66, '', 1),
(733, 15, 65, '', 1),
(734, 15, 63, '', 1),
(735, 15, 64, '', 1),
(736, 15, 62, '', 1),
(737, 15, 67, '', 1),
(738, 16, 1, '', 1),
(739, 16, 2, '', 1),
(740, 16, 3, '', 1),
(741, 16, 5, '', 2),
(742, 16, 4, '', 1),
(743, 16, 6, '', 1),
(744, 16, 7, '', 1),
(745, 16, 8, '', 1),
(746, 16, 9, '', 1),
(747, 16, 11, '', 1),
(748, 16, 10, '', 3),
(749, 16, 12, '', 1),
(750, 16, 13, '', 1),
(751, 16, 16, '', 1),
(752, 16, 18, '', 1),
(753, 16, 14, '', 1),
(754, 16, 17, '', 1),
(755, 16, 15, '', 1),
(756, 16, 19, '', 1),
(757, 16, 20, '', 2),
(758, 16, 23, '', 1),
(759, 16, 24, '', 1),
(760, 16, 21, '', 1),
(761, 16, 22, '', 1),
(762, 16, 25, '', 1),
(763, 16, 30, '', 1),
(764, 16, 27, '', 1),
(765, 16, 29, '', 1),
(766, 16, 26, '', 1),
(767, 16, 28, '', 1),
(768, 16, 31, '', 1),
(769, 16, 32, '', 1),
(770, 16, 33, '', 1),
(771, 16, 34, '', 1),
(772, 16, 36, '', 1),
(773, 16, 35, '', 1),
(774, 16, 37, '', 1),
(775, 16, 40, '', 1),
(776, 16, 42, '', 1),
(777, 16, 39, '', 1),
(778, 16, 41, '', 1),
(779, 16, 38, '', 1),
(780, 16, 43, '', 1),
(781, 16, 45, '', 1),
(782, 16, 44, '', 1),
(783, 16, 46, '', 1),
(784, 16, 48, '', 1),
(785, 16, 47, '', 1),
(786, 16, 49, '', 1),
(787, 16, 50, '', 1),
(788, 16, 52, '', 1),
(789, 16, 54, '', 1),
(790, 16, 51, '', 1),
(791, 16, 53, '', 1),
(792, 16, 55, '', 1),
(793, 16, 59, '', 1),
(794, 16, 58, '', 1),
(795, 16, 56, '', 1),
(796, 16, 60, '', 1),
(797, 16, 57, '', 1),
(798, 16, 61, '', 1),
(799, 16, 63, '', 1),
(800, 16, 65, '', 1),
(801, 16, 62, '', 1),
(802, 16, 64, '', 1),
(803, 16, 66, '', 1),
(804, 16, 67, '', 1),
(805, 17, 1, '', 1),
(806, 17, 2, '', 1),
(807, 17, 4, '', 1),
(808, 17, 3, '', 1),
(809, 17, 7, '', 1),
(810, 17, 5, '', 2),
(811, 17, 6, '', 1),
(812, 17, 8, '', 1),
(813, 17, 9, '', 1),
(814, 17, 10, '', 3),
(815, 17, 12, '', 1),
(816, 17, 13, '', 1),
(817, 17, 11, '', 1),
(818, 17, 14, '', 1),
(819, 17, 17, '', 1),
(820, 17, 16, '', 1),
(821, 17, 19, '', 1),
(822, 17, 18, '', 1),
(823, 17, 15, '', 1),
(824, 17, 20, '', 2),
(825, 17, 25, '', 1),
(826, 17, 22, '', 1),
(827, 17, 24, '', 1),
(828, 17, 21, '', 1),
(829, 17, 23, '', 1),
(830, 17, 26, '', 1),
(831, 17, 29, '', 1),
(832, 17, 30, '', 1),
(833, 17, 27, '', 1),
(834, 17, 31, '', 1),
(835, 17, 28, '', 1),
(836, 17, 32, '', 1),
(837, 17, 35, '', 1),
(838, 17, 33, '', 1),
(839, 17, 37, '', 1),
(840, 17, 34, '', 1),
(841, 17, 36, '', 1),
(842, 17, 38, '', 1),
(843, 17, 41, '', 1),
(844, 17, 40, '', 1),
(845, 17, 43, '', 1),
(846, 17, 42, '', 1),
(847, 17, 39, '', 1),
(848, 17, 44, '', 1),
(849, 17, 49, '', 1),
(850, 17, 47, '', 1),
(851, 17, 45, '', 1),
(852, 17, 46, '', 1),
(853, 17, 48, '', 1),
(854, 17, 50, '', 1),
(855, 17, 51, '', 1),
(856, 17, 53, '', 1),
(857, 17, 52, '', 1),
(858, 17, 55, '', 1),
(859, 17, 54, '', 1),
(860, 17, 56, '', 1),
(861, 17, 57, '', 1),
(862, 17, 60, '', 1),
(863, 17, 59, '', 1),
(864, 17, 58, '', 1),
(865, 17, 61, '', 1),
(866, 17, 62, '', 1),
(867, 17, 65, '', 1),
(868, 17, 66, '', 1),
(869, 17, 64, '', 1),
(870, 17, 67, '', 1),
(871, 17, 63, '', 1),
(872, 18, 1, '', 1),
(873, 18, 2, '', 1),
(874, 18, 4, '', 1),
(875, 18, 3, '', 1),
(876, 18, 5, '', 1),
(877, 18, 6, '', 1),
(878, 18, 7, '', 1),
(879, 18, 9, '', 1),
(880, 18, 8, '', 1),
(881, 18, 10, '', 3),
(882, 18, 12, '', 1),
(883, 18, 11, '', 1),
(884, 18, 13, '', 2),
(885, 18, 14, '', 1),
(886, 18, 16, '', 1),
(887, 18, 17, '', 1),
(888, 18, 15, '', 1),
(889, 18, 18, '', 1),
(890, 18, 19, '', 1),
(891, 18, 20, '', 1),
(892, 18, 21, '', 1),
(893, 18, 22, '', 1),
(894, 18, 24, '', 1),
(895, 18, 23, '', 1),
(896, 18, 25, '', 1),
(897, 18, 29, '', 1),
(898, 18, 26, '', 1),
(899, 18, 27, '', 1),
(900, 18, 28, '', 1),
(901, 18, 30, '', 1),
(902, 18, 31, '', 1),
(903, 18, 32, '', 1),
(904, 18, 33, '', 1),
(905, 18, 35, '', 1),
(906, 18, 36, '', 1),
(907, 18, 34, '', 1),
(908, 18, 37, '', 1),
(909, 18, 40, '', 1),
(910, 18, 39, '', 1),
(911, 18, 41, '', 1),
(912, 18, 42, '', 1),
(913, 18, 38, '', 1),
(914, 18, 43, '', 1),
(915, 18, 44, '', 1),
(916, 18, 46, '', 1),
(917, 18, 45, '', 1),
(918, 18, 48, '', 1),
(919, 18, 47, '', 1),
(920, 18, 49, '', 1),
(921, 18, 52, '', 1),
(922, 18, 51, '', 1),
(923, 18, 50, '', 1),
(924, 18, 54, '', 1),
(925, 18, 53, '', 1),
(926, 18, 55, '', 1),
(927, 18, 58, '', 1),
(928, 18, 59, '', 1),
(929, 18, 56, '', 1),
(930, 18, 57, '', 1),
(931, 18, 60, '', 1),
(932, 18, 61, '', 1),
(933, 18, 64, '', 1),
(934, 18, 66, '', 1),
(935, 18, 63, '', 1),
(936, 18, 62, '', 1),
(937, 18, 65, '', 1),
(938, 18, 67, '', 1),
(939, 19, 1, '', 1),
(940, 19, 3, '', 1),
(941, 19, 4, '', 1),
(942, 19, 2, '', 1),
(943, 19, 5, '', 2),
(944, 19, 7, '', 1),
(945, 19, 6, '', 1),
(946, 19, 8, '', 1),
(947, 19, 9, '', 1),
(948, 19, 12, '', 1),
(949, 19, 13, '', 2),
(950, 19, 10, '', 3),
(951, 19, 11, '', 1),
(952, 19, 14, '', 1),
(953, 19, 15, '', 1),
(954, 19, 18, '', 1),
(955, 19, 16, '', 1),
(956, 19, 17, '', 1),
(957, 19, 19, '', 1),
(958, 19, 20, '', 1),
(959, 19, 21, '', 1),
(960, 19, 24, '', 1),
(961, 19, 23, '', 1),
(962, 19, 25, '', 1),
(963, 19, 22, '', 1),
(964, 19, 26, '', 1),
(965, 19, 27, '', 1),
(966, 19, 29, '', 1),
(967, 19, 31, '', 1),
(968, 19, 30, '', 1),
(969, 19, 28, '', 1),
(970, 19, 32, '', 1),
(971, 19, 33, '', 1),
(972, 19, 37, '', 1),
(973, 19, 35, '', 1),
(974, 19, 34, '', 1),
(975, 19, 36, '', 1),
(976, 19, 38, '', 1),
(977, 19, 39, '', 1),
(978, 19, 41, '', 1),
(979, 19, 43, '', 1),
(980, 19, 42, '', 1),
(981, 19, 40, '', 1),
(982, 19, 45, '', 1),
(983, 19, 44, '', 1),
(984, 19, 49, '', 1),
(985, 19, 46, '', 1),
(986, 19, 47, '', 1),
(987, 19, 48, '', 1),
(988, 19, 50, '', 1),
(989, 19, 51, '', 2),
(990, 19, 52, '', 1),
(991, 19, 55, '', 1),
(992, 19, 54, '', 1),
(993, 19, 53, '', 1),
(994, 19, 57, '', 1),
(995, 19, 56, '', 1),
(996, 19, 58, '', 1),
(997, 19, 59, '', 1),
(998, 19, 60, '', 1),
(999, 19, 61, '', 1),
(1000, 19, 63, '', 1),
(1001, 19, 62, '', 1),
(1002, 19, 66, '', 1),
(1003, 19, 65, '', 1),
(1004, 19, 67, '', 1),
(1005, 19, 64, '', 1),
(1006, 20, 1, '', 1),
(1007, 20, 2, '', 2),
(1008, 20, 5, '', 1),
(1009, 20, 4, '', 1),
(1010, 20, 6, '', 1),
(1011, 20, 3, '', 1),
(1012, 20, 7, '', 1),
(1013, 20, 8, '', 1),
(1014, 20, 12, '', 1),
(1015, 20, 11, '', 1),
(1016, 20, 10, '', 1),
(1017, 20, 9, '', 1),
(1018, 20, 13, '', 1),
(1019, 20, 17, '', 1),
(1020, 20, 14, '', 1),
(1021, 20, 16, '', 1),
(1022, 20, 15, '', 1),
(1023, 20, 18, '', 1),
(1024, 20, 19, '', 1),
(1025, 20, 20, '', 1),
(1026, 20, 21, '', 1),
(1027, 20, 22, '', 1),
(1028, 20, 23, '', 1),
(1029, 20, 24, '', 1),
(1030, 20, 25, '', 1),
(1031, 20, 29, '', 1),
(1032, 20, 27, '', 1),
(1033, 20, 28, '', 1),
(1034, 20, 26, '', 1),
(1035, 20, 30, '', 1),
(1036, 20, 31, '', 1),
(1037, 20, 35, '', 1),
(1038, 20, 33, '', 1),
(1039, 20, 36, '', 1),
(1040, 20, 34, '', 1),
(1041, 20, 32, '', 1),
(1042, 20, 37, '', 1),
(1043, 20, 38, '', 1),
(1044, 20, 41, '', 1),
(1045, 20, 42, '', 1),
(1046, 20, 40, '', 1),
(1047, 20, 39, '', 1),
(1048, 20, 43, '', 1),
(1049, 20, 44, '', 1),
(1050, 20, 46, '', 1),
(1051, 20, 45, '', 1),
(1052, 20, 48, '', 1),
(1053, 20, 47, '', 1),
(1054, 20, 49, '', 1),
(1055, 20, 50, '', 1),
(1056, 20, 52, '', 1),
(1057, 20, 54, '', 1),
(1058, 20, 51, '', 1),
(1059, 20, 53, '', 1),
(1060, 20, 55, '', 1),
(1061, 20, 59, '', 1),
(1062, 20, 57, '', 1),
(1063, 20, 58, '', 1),
(1064, 20, 56, '', 1),
(1065, 20, 60, '', 1),
(1066, 20, 61, '', 1),
(1067, 20, 64, '', 1),
(1068, 20, 65, '', 2),
(1069, 20, 62, '', 1),
(1070, 20, 66, '', 1),
(1071, 20, 63, '', 1),
(1072, 20, 67, '', 1),
(1073, 21, 1, '', 1),
(1074, 21, 4, '', 1),
(1075, 21, 5, '', 1),
(1076, 21, 2, '', 2),
(1077, 21, 7, '', 1),
(1078, 21, 3, '', 1),
(1079, 21, 6, '', 1),
(1080, 21, 8, '', 1),
(1081, 21, 12, '', 1),
(1082, 21, 9, '', 1),
(1083, 21, 13, '', 1),
(1084, 21, 10, '', 1),
(1085, 21, 11, '', 1),
(1086, 21, 14, '', 1),
(1087, 21, 15, '', 1),
(1088, 21, 16, '', 1),
(1089, 21, 18, '', 1),
(1090, 21, 19, '', 1),
(1091, 21, 17, '', 1),
(1092, 21, 20, '', 1),
(1093, 21, 23, '', 1),
(1094, 21, 25, '', 1),
(1095, 21, 24, '', 1),
(1096, 21, 21, '', 1),
(1097, 21, 22, '', 1),
(1098, 21, 26, '', 1),
(1099, 21, 28, '', 1),
(1100, 21, 27, '', 1),
(1101, 21, 31, '', 1),
(1102, 21, 30, '', 1),
(1103, 21, 29, '', 1),
(1104, 21, 32, '', 1),
(1105, 21, 35, '', 1),
(1106, 21, 34, '', 1),
(1107, 21, 33, '', 1),
(1108, 21, 36, '', 1),
(1109, 21, 37, '', 1),
(1110, 21, 38, '', 1),
(1111, 21, 40, '', 1),
(1112, 21, 39, '', 1),
(1113, 21, 41, '', 1),
(1114, 21, 42, '', 1),
(1115, 21, 44, '', 1),
(1116, 21, 43, '', 1),
(1117, 21, 46, '', 1),
(1118, 21, 45, '', 1),
(1119, 21, 47, '', 1),
(1120, 21, 48, '', 1),
(1121, 21, 49, '', 1),
(1122, 21, 50, '', 1),
(1123, 21, 51, '', 1),
(1124, 21, 53, '', 1),
(1125, 21, 52, '', 1),
(1126, 21, 54, '', 1),
(1127, 21, 56, '', 1),
(1128, 21, 55, '', 1),
(1129, 21, 57, '', 1),
(1130, 21, 59, '', 1),
(1131, 21, 58, '', 1),
(1132, 21, 60, '', 1),
(1133, 21, 61, '', 3),
(1134, 21, 62, '', 1),
(1135, 21, 64, '', 1),
(1136, 21, 63, '', 1),
(1137, 21, 65, '', 2),
(1138, 21, 66, '', 1),
(1139, 21, 67, '', 1),
(1140, 22, 1, '', 1),
(1141, 22, 2, '', 1),
(1142, 22, 3, '', 1),
(1143, 22, 4, '', 1),
(1144, 22, 5, '', 1),
(1145, 22, 6, '', 1),
(1146, 22, 7, '', 1),
(1147, 22, 8, '', 1),
(1148, 22, 10, '', 1),
(1149, 22, 9, '', 1),
(1150, 22, 11, '', 1),
(1151, 22, 12, '', 1),
(1152, 22, 13, '', 1),
(1153, 22, 14, '', 1),
(1154, 22, 15, '', 1),
(1155, 22, 16, '', 1),
(1156, 22, 17, '', 1),
(1157, 22, 18, '', 1),
(1158, 22, 19, '', 1),
(1159, 22, 20, '', 1),
(1160, 22, 23, '', 1),
(1161, 22, 21, '', 1),
(1162, 22, 22, '', 1),
(1163, 22, 24, '', 1),
(1164, 22, 26, '', 1),
(1165, 22, 25, '', 1),
(1166, 22, 27, '', 1),
(1167, 22, 28, '', 1),
(1168, 22, 29, '', 1),
(1169, 22, 30, '', 1),
(1170, 22, 32, '', 1),
(1171, 22, 31, '', 1),
(1172, 22, 33, '', 1),
(1173, 22, 35, '', 1),
(1174, 22, 34, '', 1),
(1175, 22, 36, '', 1),
(1176, 22, 41, '', 1),
(1177, 22, 40, '', 1),
(1178, 22, 38, '', 1),
(1179, 22, 39, '', 1),
(1180, 22, 37, '', 1),
(1181, 22, 42, '', 1),
(1182, 22, 43, '', 1),
(1183, 22, 44, '', 1),
(1184, 22, 45, '', 1),
(1185, 22, 46, '', 1),
(1186, 22, 47, '', 1),
(1187, 22, 48, '', 1),
(1188, 22, 50, '', 1),
(1189, 22, 49, '', 1),
(1190, 22, 52, '', 1),
(1191, 22, 51, '', 1),
(1192, 22, 54, '', 1),
(1193, 22, 53, '', 1),
(1194, 22, 55, '', 1),
(1195, 22, 56, '', 1),
(1196, 22, 57, '', 1),
(1197, 22, 59, '', 1),
(1198, 22, 58, '', 1),
(1199, 22, 61, '', 1),
(1200, 22, 60, '', 1),
(1201, 22, 62, '', 1),
(1202, 22, 67, '', 1),
(1203, 22, 66, '', 1),
(1204, 22, 63, '', 1),
(1205, 22, 64, '', 1),
(1206, 22, 65, '', 1),
(1207, 23, 1, '', 1),
(1208, 23, 2, '', 1),
(1209, 23, 3, '', 1),
(1210, 23, 4, '', 1),
(1211, 23, 5, '', 1),
(1212, 23, 6, '', 1),
(1213, 23, 7, '', 1),
(1214, 23, 9, '', 1),
(1215, 23, 8, '', 1),
(1216, 23, 10, '', 1),
(1217, 23, 14, '', 1),
(1218, 23, 15, '', 1),
(1219, 23, 11, '', 1),
(1220, 23, 12, '', 1),
(1221, 23, 13, '', 1),
(1222, 23, 16, '', 1),
(1223, 23, 20, '', 1),
(1224, 23, 18, '', 1),
(1225, 23, 19, '', 1),
(1226, 23, 21, '', 1),
(1227, 23, 17, '', 1),
(1228, 23, 22, '', 1),
(1229, 23, 23, '', 1),
(1230, 23, 24, '', 1),
(1231, 23, 26, '', 1),
(1232, 23, 27, '', 1),
(1233, 23, 25, '', 1),
(1234, 23, 28, '', 1),
(1235, 23, 32, '', 1),
(1236, 23, 30, '', 1),
(1237, 23, 29, '', 1),
(1238, 23, 33, '', 1),
(1239, 23, 31, '', 1),
(1240, 23, 34, '', 1),
(1241, 23, 36, '', 1),
(1242, 23, 37, '', 1),
(1243, 23, 38, '', 1),
(1244, 23, 35, '', 1),
(1245, 23, 39, '', 1),
(1246, 23, 40, '', 1),
(1247, 23, 45, '', 1),
(1248, 23, 43, '', 1),
(1249, 23, 44, '', 1),
(1250, 23, 42, '', 1),
(1251, 23, 41, '', 1),
(1252, 23, 46, '', 1),
(1253, 23, 47, '', 1),
(1254, 23, 49, '', 1),
(1255, 23, 51, '', 1),
(1256, 23, 50, '', 1),
(1257, 23, 48, '', 1),
(1258, 23, 52, '', 1),
(1259, 23, 54, '', 1),
(1260, 23, 56, '', 1),
(1261, 23, 57, '', 1),
(1262, 23, 55, '', 1),
(1263, 23, 53, '', 1),
(1264, 23, 58, '', 1),
(1265, 23, 59, '', 1),
(1266, 23, 63, '', 1),
(1267, 23, 60, '', 1),
(1268, 23, 61, '', 1),
(1269, 23, 62, '', 1),
(1270, 23, 64, '', 1),
(1271, 23, 65, '', 1),
(1272, 23, 66, '', 1),
(1273, 23, 67, '', 1),
(1274, 24, 1, '', 1),
(1275, 24, 2, '', 2),
(1276, 24, 3, '', 1),
(1277, 24, 5, '', 1),
(1278, 24, 4, '', 1),
(1279, 24, 6, '', 1),
(1280, 24, 7, '', 1),
(1281, 24, 9, '', 1),
(1282, 24, 10, '', 1),
(1283, 24, 12, '', 1),
(1284, 24, 11, '', 1),
(1285, 24, 8, '', 3),
(1286, 24, 13, '', 2),
(1287, 24, 15, '', 1),
(1288, 24, 17, '', 1),
(1289, 24, 18, '', 1),
(1290, 24, 16, '', 1),
(1291, 24, 14, '', 1),
(1292, 24, 19, '', 1),
(1293, 24, 21, '', 1),
(1294, 24, 23, '', 1),
(1295, 24, 22, '', 1),
(1296, 24, 24, '', 1),
(1297, 24, 20, '', 1),
(1298, 24, 25, '', 1),
(1299, 24, 26, '', 1),
(1300, 24, 28, '', 1),
(1301, 24, 30, '', 1),
(1302, 24, 27, '', 1),
(1303, 24, 29, '', 1),
(1304, 24, 31, '', 1),
(1305, 24, 32, '', 1),
(1306, 24, 33, '', 1),
(1307, 24, 37, '', 1),
(1308, 24, 35, '', 1),
(1309, 24, 36, '', 1),
(1310, 24, 34, '', 1),
(1311, 24, 38, '', 1),
(1312, 24, 43, '', 1),
(1313, 24, 40, '', 1),
(1314, 24, 42, '', 1),
(1315, 24, 39, '', 1),
(1316, 24, 41, '', 1),
(1317, 24, 44, '', 1),
(1318, 24, 48, '', 1),
(1319, 24, 45, '', 1),
(1320, 24, 49, '', 1),
(1321, 24, 46, '', 1),
(1322, 24, 47, '', 1),
(1323, 24, 50, '', 1),
(1324, 24, 51, '', 1),
(1325, 24, 52, '', 1),
(1326, 24, 53, '', 1),
(1327, 24, 55, '', 1),
(1328, 24, 54, '', 1),
(1329, 24, 56, '', 1),
(1330, 24, 58, '', 1),
(1331, 24, 61, '', 1),
(1332, 24, 60, '', 1),
(1333, 24, 59, '', 1),
(1334, 24, 57, '', 1),
(1335, 24, 62, '', 1),
(1336, 24, 66, '', 1),
(1337, 24, 63, '', 1),
(1338, 24, 65, '', 1),
(1339, 24, 67, '', 1),
(1340, 24, 64, '', 1),
(1341, 25, 1, '', 1),
(1342, 25, 7, '', 1),
(1343, 25, 6, '', 1),
(1344, 25, 3, '', 1),
(1345, 25, 4, '', 1),
(1346, 25, 5, '', 1),
(1347, 25, 2, '', 1),
(1348, 25, 8, '', 1),
(1349, 25, 13, '', 1),
(1350, 25, 12, '', 1),
(1351, 25, 10, '', 1),
(1352, 25, 9, '', 1),
(1353, 25, 11, '', 1),
(1354, 25, 14, '', 1),
(1355, 25, 17, '', 1),
(1356, 25, 18, '', 1),
(1357, 25, 15, '', 1),
(1358, 25, 16, '', 1),
(1359, 25, 19, '', 1),
(1360, 25, 20, '', 1),
(1361, 25, 21, '', 1),
(1362, 25, 22, '', 1),
(1363, 25, 25, '', 1),
(1364, 25, 24, '', 1),
(1365, 25, 23, '', 1),
(1366, 25, 26, '', 1),
(1367, 25, 27, '', 2),
(1368, 25, 28, '', 1),
(1369, 25, 31, '', 1),
(1370, 25, 29, '', 1),
(1371, 25, 30, '', 1),
(1372, 25, 32, '', 1),
(1373, 25, 33, '', 1),
(1374, 25, 35, '', 1),
(1375, 25, 37, '', 1),
(1376, 25, 36, '', 1),
(1377, 25, 34, '', 1),
(1378, 25, 38, '', 1),
(1379, 25, 43, '', 1),
(1380, 25, 42, '', 1),
(1381, 25, 39, '', 1),
(1382, 25, 41, '', 1),
(1383, 25, 40, '', 1),
(1384, 25, 44, '', 1),
(1385, 25, 45, '', 1),
(1386, 25, 47, '', 1),
(1387, 25, 46, '', 1),
(1388, 25, 49, '', 1),
(1389, 25, 48, '', 1),
(1390, 25, 50, '', 1),
(1391, 25, 52, '', 1),
(1392, 25, 53, '', 1),
(1393, 25, 54, '', 1),
(1394, 25, 55, '', 1),
(1395, 25, 51, '', 1),
(1396, 25, 56, '', 1),
(1397, 25, 58, '', 1),
(1398, 25, 61, '', 1),
(1399, 25, 57, '', 1),
(1400, 25, 59, '', 1),
(1401, 25, 60, '', 1),
(1402, 25, 62, '', 1),
(1403, 25, 63, '', 1),
(1404, 25, 67, '', 1),
(1405, 25, 64, '', 1),
(1406, 25, 66, '', 1),
(1407, 25, 65, '', 1),
(1408, 26, 1, '', 1),
(1409, 26, 6, '', 1),
(1410, 26, 2, '', 1),
(1411, 26, 4, '', 1),
(1412, 26, 3, '', 1),
(1413, 26, 5, '', 1),
(1414, 26, 7, '', 1),
(1415, 26, 10, '', 1),
(1416, 26, 9, '', 1),
(1417, 26, 11, '', 1),
(1418, 26, 12, '', 1),
(1419, 26, 8, '', 1),
(1420, 26, 13, '', 1),
(1421, 26, 16, '', 1),
(1422, 26, 15, '', 1),
(1423, 26, 18, '', 1),
(1424, 26, 14, '', 1),
(1425, 26, 17, '', 1),
(1426, 26, 19, '', 1),
(1427, 26, 22, '', 1),
(1428, 26, 21, '', 1),
(1429, 26, 24, '', 1),
(1430, 26, 20, '', 1),
(1431, 26, 23, '', 1),
(1432, 26, 25, '', 1),
(1433, 26, 26, '', 1),
(1434, 26, 30, '', 1),
(1435, 26, 29, '', 1),
(1436, 26, 28, '', 1),
(1437, 26, 27, '', 1),
(1438, 26, 31, '', 1),
(1439, 26, 32, '', 1),
(1440, 26, 36, '', 1),
(1441, 26, 33, '', 1),
(1442, 26, 34, '', 1),
(1443, 26, 35, '', 1),
(1444, 26, 37, '', 1),
(1445, 26, 38, '', 1),
(1446, 26, 39, '', 1),
(1447, 26, 42, '', 1),
(1448, 26, 40, '', 1),
(1449, 26, 41, '', 1),
(1450, 26, 43, '', 1),
(1451, 26, 44, '', 1),
(1452, 26, 46, '', 1),
(1453, 26, 45, '', 1),
(1454, 26, 48, '', 1),
(1455, 26, 47, '', 1),
(1456, 26, 49, '', 1),
(1457, 26, 53, '', 1),
(1458, 26, 50, '', 1),
(1459, 26, 51, '', 1),
(1460, 26, 52, '', 1),
(1461, 26, 54, '', 1),
(1462, 26, 55, '', 1),
(1463, 26, 60, '', 1),
(1464, 26, 59, '', 1),
(1465, 26, 56, '', 1),
(1466, 26, 58, '', 1),
(1467, 26, 57, '', 1),
(1468, 26, 61, '', 1),
(1469, 26, 66, '', 1),
(1470, 26, 65, '', 1),
(1471, 26, 63, '', 1),
(1472, 26, 62, '', 1),
(1473, 26, 64, '', 1),
(1474, 26, 67, '', 1),
(1475, 27, 1, '', 1),
(1476, 27, 2, '', 2),
(1477, 27, 6, '', 1),
(1478, 27, 4, '', 1),
(1479, 27, 5, '', 3),
(1480, 27, 3, '', 1),
(1481, 27, 7, '', 1),
(1482, 27, 8, '', 1),
(1483, 27, 9, '', 1),
(1484, 27, 10, '', 1),
(1485, 27, 11, '', 1),
(1486, 27, 12, '', 1),
(1487, 27, 13, '', 1),
(1488, 27, 18, '', 1),
(1489, 27, 17, '', 1),
(1490, 27, 14, '', 1),
(1491, 27, 15, '', 1),
(1492, 27, 16, '', 1),
(1493, 27, 19, '', 1),
(1494, 27, 21, '', 1),
(1495, 27, 23, '', 1),
(1496, 27, 22, '', 1),
(1497, 27, 20, '', 1),
(1498, 27, 24, '', 1),
(1499, 27, 25, '', 1),
(1500, 27, 26, '', 1),
(1501, 27, 30, '', 1),
(1502, 27, 27, '', 1),
(1503, 27, 29, '', 1),
(1504, 27, 28, '', 1),
(1505, 27, 31, '', 1),
(1506, 27, 32, '', 1),
(1507, 27, 36, '', 1),
(1508, 27, 34, '', 1),
(1509, 27, 35, '', 1),
(1510, 27, 33, '', 1),
(1511, 27, 37, '', 1),
(1512, 27, 40, '', 1),
(1513, 27, 41, '', 1),
(1514, 27, 38, '', 1),
(1515, 27, 42, '', 1),
(1516, 27, 39, '', 1),
(1517, 27, 43, '', 1),
(1518, 27, 45, '', 1),
(1519, 27, 44, '', 1),
(1520, 27, 47, '', 1),
(1521, 27, 48, '', 1),
(1522, 27, 46, '', 1),
(1523, 27, 49, '', 1),
(1524, 27, 54, '', 1),
(1525, 27, 52, '', 1),
(1526, 27, 50, '', 1),
(1527, 27, 53, '', 1),
(1528, 27, 51, '', 1),
(1529, 27, 55, '', 1),
(1530, 27, 60, '', 1),
(1531, 27, 59, '', 1),
(1532, 27, 57, '', 1),
(1533, 27, 58, '', 1),
(1534, 27, 56, '', 1),
(1535, 27, 61, '', 1),
(1536, 27, 62, '', 1),
(1537, 27, 65, '', 1),
(1538, 27, 64, '', 1),
(1539, 27, 66, '', 1),
(1540, 27, 63, '', 1),
(1541, 27, 67, '', 1),
(1542, 28, 1, '', 1),
(1543, 28, 6, '', 1),
(1544, 28, 4, '', 1),
(1545, 28, 2, '', 2),
(1546, 28, 3, '', 2),
(1547, 28, 5, '', 1),
(1548, 28, 7, '', 1),
(1549, 28, 8, '', 1),
(1550, 28, 10, '', 1),
(1551, 28, 9, '', 1),
(1552, 28, 11, '', 1),
(1553, 28, 13, '', 1),
(1554, 28, 14, '', 1),
(1555, 28, 12, '', 1),
(1556, 28, 17, '', 1),
(1557, 28, 15, '', 1),
(1558, 28, 16, '', 1),
(1559, 28, 19, '', 1),
(1560, 28, 18, '', 1),
(1561, 28, 20, '', 1),
(1562, 28, 21, '', 1),
(1563, 28, 23, '', 1),
(1564, 28, 22, '', 1),
(1565, 28, 26, '', 1),
(1566, 28, 25, '', 1),
(1567, 28, 24, '', 1),
(1568, 28, 29, '', 1),
(1569, 28, 27, '', 1),
(1570, 28, 28, '', 1),
(1571, 28, 30, '', 1),
(1572, 28, 32, '', 1),
(1573, 28, 31, '', 1),
(1574, 28, 33, '', 1),
(1575, 28, 35, '', 1),
(1576, 28, 34, '', 1),
(1577, 28, 37, '', 1),
(1578, 28, 38, '', 1),
(1579, 28, 36, '', 1),
(1580, 28, 41, '', 1),
(1581, 28, 39, '', 1),
(1582, 28, 40, '', 1),
(1583, 28, 44, '', 1),
(1584, 28, 42, '', 1),
(1585, 28, 43, '', 1),
(1586, 28, 45, '', 1),
(1587, 28, 47, '', 1),
(1588, 28, 46, '', 1),
(1589, 28, 48, '', 1),
(1590, 28, 50, '', 1),
(1591, 28, 49, '', 1),
(1592, 28, 51, '', 1),
(1593, 28, 52, '', 1),
(1594, 28, 53, '', 1),
(1595, 28, 54, '', 1),
(1596, 28, 56, '', 1),
(1597, 28, 55, '', 1),
(1598, 28, 57, '', 1),
(1599, 28, 58, '', 1),
(1600, 28, 59, '', 1),
(1601, 28, 61, '', 1),
(1602, 28, 62, '', 1),
(1603, 28, 60, '', 1),
(1604, 28, 64, '', 1),
(1605, 28, 65, '', 1),
(1606, 28, 63, '', 1),
(1607, 28, 66, '', 1),
(1608, 28, 67, '', 1),
(1609, 29, 1, '', 1),
(1610, 29, 2, '', 1),
(1611, 29, 6, '', 1),
(1612, 29, 3, '', 1),
(1613, 29, 4, '', 1),
(1614, 29, 5, '', 1),
(1615, 29, 7, '', 1),
(1616, 29, 11, '', 1),
(1617, 29, 8, '', 1),
(1618, 29, 10, '', 1),
(1619, 29, 9, '', 1),
(1620, 29, 12, '', 1),
(1621, 29, 13, '', 1),
(1622, 29, 15, '', 1),
(1623, 29, 18, '', 1),
(1624, 29, 14, '', 1),
(1625, 29, 17, '', 1),
(1626, 29, 16, '', 1),
(1627, 29, 19, '', 1),
(1628, 29, 23, '', 1),
(1629, 29, 21, '', 1),
(1630, 29, 20, '', 1),
(1631, 29, 24, '', 1),
(1632, 29, 22, '', 1),
(1633, 29, 25, '', 1),
(1634, 29, 28, '', 1),
(1635, 29, 26, '', 1),
(1636, 29, 27, '', 1),
(1637, 29, 30, '', 1),
(1638, 29, 29, '', 1),
(1639, 29, 31, '', 1),
(1640, 29, 32, '', 1),
(1641, 29, 36, '', 1),
(1642, 29, 34, '', 1),
(1643, 29, 33, '', 1),
(1644, 29, 35, '', 1),
(1645, 29, 37, '', 1),
(1646, 29, 38, '', 1),
(1647, 29, 42, '', 1),
(1648, 29, 41, '', 1),
(1649, 29, 39, '', 1),
(1650, 29, 40, '', 1),
(1651, 29, 43, '', 1),
(1652, 29, 44, '', 1),
(1653, 29, 45, '', 1),
(1654, 29, 46, '', 1),
(1655, 29, 47, '', 1),
(1656, 29, 48, '', 1),
(1657, 29, 49, '', 1),
(1658, 29, 53, '', 1),
(1659, 29, 51, '', 1),
(1660, 29, 54, '', 1),
(1661, 29, 50, '', 1),
(1662, 29, 52, '', 1),
(1663, 29, 55, '', 1),
(1664, 29, 58, '', 1),
(1665, 29, 60, '', 1),
(1666, 29, 59, '', 1),
(1667, 29, 56, '', 1),
(1668, 29, 57, '', 1),
(1669, 29, 61, '', 1),
(1670, 29, 62, '', 1),
(1671, 29, 66, '', 1),
(1672, 29, 63, '', 1),
(1673, 29, 65, '', 1),
(1674, 29, 64, '', 1),
(1675, 29, 67, '', 1),
(1676, 30, 1, '', 1),
(1677, 30, 2, '', 1),
(1678, 30, 3, '', 1),
(1679, 30, 4, '', 1),
(1680, 30, 7, '', 1),
(1681, 30, 6, '', 1),
(1682, 30, 5, '', 1),
(1683, 30, 9, '', 1),
(1684, 30, 8, '', 1),
(1685, 30, 10, '', 1),
(1686, 30, 12, '', 1),
(1687, 30, 13, '', 1),
(1688, 30, 11, '', 1),
(1689, 30, 15, '', 1),
(1690, 30, 14, '', 1),
(1691, 30, 18, '', 1),
(1692, 30, 16, '', 1),
(1693, 30, 17, '', 1),
(1694, 30, 19, '', 1),
(1695, 30, 21, '', 1),
(1696, 30, 20, '', 1),
(1697, 30, 24, '', 1),
(1698, 30, 25, '', 1),
(1699, 30, 22, '', 1),
(1700, 30, 23, '', 1),
(1701, 30, 27, '', 1),
(1702, 30, 26, '', 1),
(1703, 30, 30, '', 1),
(1704, 30, 29, '', 1),
(1705, 30, 28, '', 1),
(1706, 30, 31, '', 1),
(1707, 30, 33, '', 1),
(1708, 30, 32, '', 1),
(1709, 30, 35, '', 1),
(1710, 30, 37, '', 1),
(1711, 30, 34, '', 1),
(1712, 30, 36, '', 1),
(1713, 30, 38, '', 1),
(1714, 30, 39, '', 1),
(1715, 30, 40, '', 1),
(1716, 30, 43, '', 1),
(1717, 30, 41, '', 1),
(1718, 30, 42, '', 1),
(1719, 30, 44, '', 1),
(1720, 30, 45, '', 1),
(1721, 30, 49, '', 1),
(1722, 30, 48, '', 1),
(1723, 30, 47, '', 1),
(1724, 30, 46, '', 1),
(1725, 30, 50, '', 1),
(1726, 30, 51, '', 1),
(1727, 30, 55, '', 1),
(1728, 30, 54, '', 1),
(1729, 30, 53, '', 1),
(1730, 30, 52, '', 1),
(1731, 30, 56, '', 1),
(1732, 30, 57, '', 1),
(1733, 30, 58, '', 1),
(1734, 30, 59, '', 1),
(1735, 30, 60, '', 1),
(1736, 30, 61, '', 1),
(1737, 30, 63, '', 1),
(1738, 30, 62, '', 1),
(1739, 30, 65, '', 1),
(1740, 30, 66, '', 1),
(1741, 30, 64, '', 1),
(1742, 30, 67, '', 1),
(1743, 35, 1, '', 1),
(1744, 35, 4, '', 1),
(1745, 35, 5, '', 1),
(1746, 35, 6, '', 1),
(1747, 35, 2, '', 1),
(1748, 35, 3, '', 1),
(1749, 35, 7, '', 1),
(1750, 35, 8, '', 1),
(1751, 35, 9, '', 1),
(1752, 35, 11, '', 1),
(1753, 35, 10, '', 1),
(1754, 35, 12, '', 1),
(1755, 35, 13, '', 1),
(1756, 35, 14, '', 1),
(1757, 35, 15, '', 1),
(1758, 35, 18, '', 1),
(1759, 35, 16, '', 1),
(1760, 35, 17, '', 1),
(1761, 35, 20, '', 1),
(1762, 35, 19, '', 1),
(1763, 35, 21, '', 1),
(1764, 35, 22, '', 1),
(1765, 35, 23, '', 1),
(1766, 35, 24, '', 1),
(1767, 35, 25, '', 1),
(1768, 35, 26, '', 1),
(1769, 35, 27, '', 1),
(1770, 35, 28, '', 1),
(1771, 35, 29, '', 1),
(1772, 35, 30, '', 1),
(1773, 35, 31, '', 1),
(1774, 35, 32, '', 1),
(1775, 35, 33, '', 1),
(1776, 35, 35, '', 1),
(1777, 35, 36, '', 1),
(1778, 35, 34, '', 1),
(1779, 35, 37, '', 1),
(1780, 35, 38, '', 1),
(1781, 35, 40, '', 1),
(1782, 35, 39, '', 1),
(1783, 35, 42, '', 1),
(1784, 35, 41, '', 1),
(1785, 35, 44, '', 1),
(1786, 35, 43, '', 1),
(1787, 35, 47, '', 1),
(1788, 35, 46, '', 1),
(1789, 35, 48, '', 1),
(1790, 35, 45, '', 1),
(1791, 35, 49, '', 1),
(1792, 35, 50, '', 1),
(1793, 35, 51, '', 1),
(1794, 35, 52, '', 1),
(1795, 35, 53, '', 1),
(1796, 35, 54, '', 1),
(1797, 35, 56, '', 1),
(1798, 35, 55, '', 1),
(1799, 35, 59, '', 1),
(1800, 35, 57, '', 1),
(1801, 35, 60, '', 1),
(1802, 35, 58, '', 1),
(1803, 35, 61, '', 1),
(1804, 35, 62, '', 1),
(1805, 35, 64, '', 1),
(1806, 35, 63, '', 1),
(1807, 35, 66, '', 1),
(1808, 35, 65, '', 1),
(1809, 35, 67, '', 1),
(1810, 36, 6, '', 1),
(1811, 36, 1, '', 1),
(1812, 36, 2, '', 1),
(1813, 36, 5, '', 1),
(1814, 36, 4, '', 1),
(1815, 36, 3, '', 1),
(1816, 36, 7, '', 1),
(1817, 36, 8, '', 1),
(1818, 36, 11, '', 1),
(1819, 36, 9, '', 1),
(1820, 36, 10, '', 1),
(1821, 36, 12, '', 1),
(1822, 36, 14, '', 1),
(1823, 36, 13, '', 1),
(1824, 36, 15, '', 1),
(1825, 36, 16, '', 1),
(1826, 36, 17, '', 1),
(1827, 36, 18, '', 1),
(1828, 36, 19, '', 1),
(1829, 36, 20, '', 1),
(1830, 36, 21, '', 1),
(1831, 36, 22, '', 1),
(1832, 36, 23, '', 1),
(1833, 36, 24, '', 1),
(1834, 36, 26, '', 1),
(1835, 36, 25, '', 1),
(1836, 36, 27, '', 1),
(1837, 36, 28, '', 1),
(1838, 36, 29, '', 1),
(1839, 36, 31, '', 1),
(1840, 36, 30, '', 1),
(1841, 36, 32, '', 1),
(1842, 36, 33, '', 1),
(1843, 36, 34, '', 1),
(1844, 36, 35, '', 1),
(1845, 36, 36, '', 1),
(1846, 36, 37, '', 1),
(1847, 36, 38, '', 1),
(1848, 36, 39, '', 1),
(1849, 36, 41, '', 1),
(1850, 36, 40, '', 1),
(1851, 36, 42, '', 1),
(1852, 36, 43, '', 1),
(1853, 36, 44, '', 1),
(1854, 36, 45, '', 1),
(1855, 36, 47, '', 1),
(1856, 36, 46, '', 1),
(1857, 36, 49, '', 1),
(1858, 36, 48, '', 1),
(1859, 36, 52, '', 1),
(1860, 36, 50, '', 1),
(1861, 36, 51, '', 1),
(1862, 36, 53, '', 1),
(1863, 36, 54, '', 1),
(1864, 36, 55, '', 1),
(1865, 36, 56, '', 1),
(1866, 36, 59, '', 1),
(1867, 36, 58, '', 1),
(1868, 36, 57, '', 1),
(1869, 36, 61, '', 1),
(1870, 36, 60, '', 1),
(1871, 36, 64, '', 1),
(1872, 36, 63, '', 1),
(1873, 36, 65, '', 1),
(1874, 36, 62, '', 1),
(1875, 36, 66, '', 1),
(1876, 36, 67, '', 1),
(1877, 37, 1, '', 1),
(1878, 37, 6, '', 1),
(1879, 37, 3, '', 1),
(1880, 37, 5, '', 1),
(1881, 37, 2, '', 1),
(1882, 37, 4, '', 1),
(1883, 37, 7, '', 1),
(1884, 37, 8, '', 1),
(1885, 37, 9, '', 1),
(1886, 37, 10, '', 1),
(1887, 37, 11, '', 1),
(1888, 37, 12, '', 1),
(1889, 37, 13, '', 1),
(1890, 37, 15, '', 1),
(1891, 37, 16, '', 1),
(1892, 37, 17, '', 1),
(1893, 37, 14, '', 1),
(1894, 37, 18, '', 1),
(1895, 37, 19, '', 1),
(1896, 37, 20, '', 1),
(1897, 37, 23, '', 1),
(1898, 37, 21, '', 1),
(1899, 37, 22, '', 1),
(1900, 37, 25, '', 1),
(1901, 37, 24, '', 1),
(1902, 37, 26, '', 1),
(1903, 37, 28, '', 1),
(1904, 37, 27, '', 1),
(1905, 37, 29, '', 1),
(1906, 37, 31, '', 1),
(1907, 37, 30, '', 1),
(1908, 37, 32, '', 1),
(1909, 37, 35, '', 2),
(1910, 37, 34, '', 1),
(1911, 37, 33, '', 1),
(1912, 37, 36, '', 1),
(1913, 37, 37, '', 3),
(1914, 37, 39, '', 1),
(1915, 37, 38, '', 1),
(1916, 37, 41, '', 1),
(1917, 37, 40, '', 2),
(1918, 37, 43, '', 1),
(1919, 37, 42, '', 1),
(1920, 37, 45, '', 1),
(1921, 37, 46, '', 3),
(1922, 37, 44, '', 1),
(1923, 37, 47, '', 1),
(1924, 37, 49, '', 1),
(1925, 37, 48, '', 2),
(1926, 37, 50, '', 1),
(1927, 37, 51, '', 1),
(1928, 37, 53, '', 1),
(1929, 37, 52, '', 1),
(1930, 37, 55, '', 1),
(1931, 37, 54, '', 1),
(1932, 37, 56, '', 1),
(1933, 37, 58, '', 1),
(1934, 37, 57, '', 1),
(1935, 37, 59, '', 1),
(1936, 37, 61, '', 1),
(1937, 37, 60, '', 1),
(1938, 37, 63, '', 1),
(1939, 37, 65, '', 1),
(1940, 37, 62, '', 1),
(1941, 37, 64, '', 1),
(1942, 37, 66, '', 1),
(1943, 37, 67, '', 1),
(1944, 38, 1, '', 1),
(1945, 38, 2, '', 1),
(1946, 38, 3, '', 1),
(1947, 38, 4, '', 1),
(1948, 38, 5, '', 1),
(1949, 38, 6, '', 1),
(1950, 38, 7, '', 1),
(1951, 38, 9, '', 1),
(1952, 38, 8, '', 1),
(1953, 38, 10, '', 1),
(1954, 38, 12, '', 1),
(1955, 38, 13, '', 1),
(1956, 38, 11, '', 1),
(1957, 38, 14, '', 1),
(1958, 38, 15, '', 1),
(1959, 38, 16, '', 1),
(1960, 38, 18, '', 1),
(1961, 38, 17, '', 1),
(1962, 38, 19, '', 1),
(1963, 38, 21, '', 1),
(1964, 38, 22, '', 1),
(1965, 38, 20, '', 1),
(1966, 38, 23, '', 1),
(1967, 38, 24, '', 1),
(1968, 38, 25, '', 1),
(1969, 38, 26, '', 1),
(1970, 38, 28, '', 1),
(1971, 38, 27, '', 1),
(1972, 38, 29, '', 1),
(1973, 38, 31, '', 1),
(1974, 38, 30, '', 1),
(1975, 38, 33, '', 1),
(1976, 38, 34, '', 1),
(1977, 38, 32, '', 1),
(1978, 38, 35, '', 1),
(1979, 38, 36, '', 1),
(1980, 38, 40, '', 1),
(1981, 38, 39, '', 1),
(1982, 38, 37, '', 1),
(1983, 38, 38, '', 1),
(1984, 38, 41, '', 1),
(1985, 38, 42, '', 1),
(1986, 38, 44, '', 1),
(1987, 38, 46, '', 1),
(1988, 38, 43, '', 1),
(1989, 38, 45, '', 1),
(1990, 38, 47, '', 1),
(1991, 38, 48, '', 1),
(1992, 38, 50, '', 1),
(1993, 38, 49, '', 1),
(1994, 38, 51, '', 1),
(1995, 38, 53, '', 1),
(1996, 38, 52, '', 1),
(1997, 38, 54, '', 1),
(1998, 38, 56, '', 1),
(1999, 38, 58, '', 1),
(2000, 38, 57, '', 1),
(2001, 38, 55, '', 1),
(2002, 38, 59, '', 1),
(2003, 38, 60, '', 1),
(2004, 38, 62, '', 1),
(2005, 38, 65, '', 1),
(2006, 38, 63, '', 1),
(2007, 38, 61, '', 1),
(2008, 38, 64, '', 1),
(2009, 38, 66, '', 1),
(2010, 38, 67, '', 1),
(2011, 41, 1, '', 1),
(2012, 41, 2, '', 1),
(2013, 41, 3, '', 1),
(2014, 41, 6, '', 1),
(2015, 41, 4, '', 1),
(2016, 41, 5, '', 2),
(2017, 41, 7, '', 1),
(2018, 41, 8, '', 1),
(2019, 41, 10, '', 1),
(2020, 41, 9, '', 1),
(2021, 41, 11, '', 1),
(2022, 41, 12, '', 1),
(2023, 41, 13, '', 3),
(2024, 41, 14, '', 1),
(2025, 41, 15, '', 1),
(2026, 41, 16, '', 1),
(2027, 41, 18, '', 1),
(2028, 41, 17, '', 1),
(2029, 41, 19, '', 1),
(2030, 41, 24, '', 1),
(2031, 41, 20, '', 1),
(2032, 41, 21, '', 1),
(2033, 41, 22, '', 1),
(2034, 41, 23, '', 1),
(2035, 41, 25, '', 1),
(2036, 41, 30, '', 1),
(2037, 41, 27, '', 1),
(2038, 41, 29, '', 1),
(2039, 41, 28, '', 1),
(2040, 41, 26, '', 1),
(2041, 41, 31, '', 1),
(2042, 41, 35, '', 1),
(2043, 41, 34, '', 1),
(2044, 41, 32, '', 1),
(2045, 41, 36, '', 1),
(2046, 41, 33, '', 1),
(2047, 41, 37, '', 1),
(2048, 41, 39, '', 1),
(2049, 41, 38, '', 1),
(2050, 41, 40, '', 1),
(2051, 41, 42, '', 1),
(2052, 41, 41, '', 1),
(2053, 41, 43, '', 1),
(2054, 41, 44, '', 1),
(2055, 41, 46, '', 1),
(2056, 41, 48, '', 1),
(2057, 41, 45, '', 1),
(2058, 41, 47, '', 1),
(2059, 41, 49, '', 1),
(2060, 41, 51, '', 1),
(2061, 41, 53, '', 1),
(2062, 41, 50, '', 1),
(2063, 41, 54, '', 1),
(2064, 41, 52, '', 1),
(2065, 41, 55, '', 1),
(2066, 41, 57, '', 1),
(2067, 41, 56, '', 1),
(2068, 41, 59, '', 1),
(2069, 41, 58, '', 1),
(2070, 41, 60, '', 1),
(2071, 41, 61, '', 1),
(2072, 41, 64, '', 1),
(2073, 41, 66, '', 1),
(2074, 41, 65, '', 1),
(2075, 41, 62, '', 1),
(2076, 41, 63, '', 1),
(2077, 41, 67, '', 1),
(2078, 42, 1, '', 1),
(2079, 42, 3, '', 1),
(2080, 42, 5, '', 1),
(2081, 42, 6, '', 1),
(2082, 42, 2, '', 1),
(2083, 42, 4, '', 1),
(2084, 42, 7, '', 1),
(2085, 42, 8, '', 1),
(2086, 42, 9, '', 1),
(2087, 42, 10, '', 1),
(2088, 42, 11, '', 1),
(2089, 42, 12, '', 1),
(2090, 42, 13, '', 1),
(2091, 42, 15, '', 1),
(2092, 42, 16, '', 1),
(2093, 42, 14, '', 1),
(2094, 42, 17, '', 1),
(2095, 42, 18, '', 1),
(2096, 42, 19, '', 1),
(2097, 42, 22, '', 1),
(2098, 42, 23, '', 1),
(2099, 42, 24, '', 1),
(2100, 42, 20, '', 1),
(2101, 42, 21, '', 1),
(2102, 42, 25, '', 1),
(2103, 42, 26, '', 1),
(2104, 42, 27, '', 1),
(2105, 42, 30, '', 1),
(2106, 42, 28, '', 1),
(2107, 42, 29, '', 1),
(2108, 42, 31, '', 1),
(2109, 42, 32, '', 1),
(2110, 42, 35, '', 1),
(2111, 42, 36, '', 1),
(2112, 42, 33, '', 1),
(2113, 42, 34, '', 1),
(2114, 42, 37, '', 1),
(2115, 42, 38, '', 1),
(2116, 42, 40, '', 1),
(2117, 42, 42, '', 1),
(2118, 42, 39, '', 1),
(2119, 42, 41, '', 1),
(2120, 42, 43, '', 1),
(2121, 42, 44, '', 1),
(2122, 42, 46, '', 1),
(2123, 42, 47, '', 1),
(2124, 42, 45, '', 1),
(2125, 42, 48, '', 1),
(2126, 42, 49, '', 1),
(2127, 42, 50, '', 1),
(2128, 42, 53, '', 1),
(2129, 42, 51, '', 1),
(2130, 42, 54, '', 1),
(2131, 42, 52, '', 1),
(2132, 42, 55, '', 1),
(2133, 42, 57, '', 1),
(2134, 42, 56, '', 1),
(2135, 42, 58, '', 1),
(2136, 42, 60, '', 1),
(2137, 42, 59, '', 1),
(2138, 42, 61, '', 1),
(2139, 42, 65, '', 1),
(2140, 42, 63, '', 1),
(2141, 42, 66, '', 1),
(2142, 42, 64, '', 1),
(2143, 42, 62, '', 1),
(2144, 42, 67, '', 1),
(2145, 43, 1, '', 1),
(2146, 43, 2, '', 1),
(2147, 43, 3, '', 1),
(2148, 43, 5, '', 1),
(2149, 43, 6, '', 1),
(2150, 43, 4, '', 1),
(2151, 43, 7, '', 1),
(2152, 43, 9, '', 1),
(2153, 43, 12, '', 1),
(2154, 43, 10, '', 1),
(2155, 43, 8, '', 1),
(2156, 43, 11, '', 1),
(2157, 43, 13, '', 2),
(2158, 43, 14, '', 1),
(2159, 43, 15, '', 1),
(2160, 43, 17, '', 3),
(2161, 43, 16, '', 1),
(2162, 43, 18, '', 1),
(2163, 43, 19, '', 1),
(2164, 43, 24, '', 1),
(2165, 43, 21, '', 1),
(2166, 43, 20, '', 1),
(2167, 43, 23, '', 1),
(2168, 43, 22, '', 1),
(2169, 43, 25, '', 1),
(2170, 43, 26, '', 1),
(2171, 43, 28, '', 1),
(2172, 43, 29, '', 1),
(2173, 43, 27, '', 1),
(2174, 43, 30, '', 1),
(2175, 43, 31, '', 1),
(2176, 43, 32, '', 1),
(2177, 43, 36, '', 1),
(2178, 43, 34, '', 1),
(2179, 43, 35, '', 1),
(2180, 43, 33, '', 1),
(2181, 43, 37, '', 1),
(2182, 43, 39, '', 1),
(2183, 43, 42, '', 1),
(2184, 43, 38, '', 1),
(2185, 43, 40, '', 1),
(2186, 43, 41, '', 1),
(2187, 43, 43, '', 1),
(2188, 43, 47, '', 1),
(2189, 43, 45, '', 1),
(2190, 43, 49, '', 1),
(2191, 43, 48, '', 1),
(2192, 43, 44, '', 1),
(2193, 43, 46, '', 1),
(2194, 43, 50, '', 1),
(2195, 43, 54, '', 1),
(2196, 43, 52, '', 1),
(2197, 43, 53, '', 1),
(2198, 43, 55, '', 1),
(2199, 43, 51, '', 1),
(2200, 43, 56, '', 1),
(2201, 43, 59, '', 1),
(2202, 43, 60, '', 1),
(2203, 43, 58, '', 1),
(2204, 43, 57, '', 1),
(2205, 43, 61, '', 1),
(2206, 43, 62, '', 1),
(2207, 43, 63, '', 1),
(2208, 43, 65, '', 1),
(2209, 43, 64, '', 1),
(2210, 43, 66, '', 1),
(2211, 43, 67, '', 1),
(2212, 44, 1, '', 1),
(2213, 44, 2, '', 1),
(2214, 44, 3, '', 1),
(2215, 44, 4, '', 1),
(2216, 44, 5, '', 1),
(2217, 44, 6, '', 1),
(2218, 44, 7, '', 1),
(2219, 44, 9, '', 1),
(2220, 44, 8, '', 1),
(2221, 44, 10, '', 1),
(2222, 44, 11, '', 1),
(2223, 44, 12, '', 1),
(2224, 44, 13, '', 2),
(2225, 44, 16, '', 1),
(2226, 44, 18, '', 1),
(2227, 44, 15, '', 1),
(2228, 44, 14, '', 1),
(2229, 44, 17, '', 3),
(2230, 44, 19, '', 1),
(2231, 44, 22, '', 1),
(2232, 44, 20, '', 1),
(2233, 44, 21, '', 1),
(2234, 44, 23, '', 1),
(2235, 44, 24, '', 1),
(2236, 44, 25, '', 1),
(2237, 44, 26, '', 1),
(2238, 44, 29, '', 1),
(2239, 44, 30, '', 1),
(2240, 44, 27, '', 1),
(2241, 44, 28, '', 1),
(2242, 44, 31, '', 1),
(2243, 44, 33, '', 1),
(2244, 44, 34, '', 1),
(2245, 44, 32, '', 1),
(2246, 44, 35, '', 1),
(2247, 44, 36, '', 1),
(2248, 44, 37, '', 1),
(2249, 44, 38, '', 1),
(2250, 44, 40, '', 1),
(2251, 44, 39, '', 1),
(2252, 44, 41, '', 1),
(2253, 44, 42, '', 1),
(2254, 44, 43, '', 1),
(2255, 44, 45, '', 1),
(2256, 44, 44, '', 1),
(2257, 44, 46, '', 1),
(2258, 44, 48, '', 1),
(2259, 44, 47, '', 1),
(2260, 44, 49, '', 1),
(2261, 44, 50, '', 1),
(2262, 44, 51, '', 1),
(2263, 44, 52, '', 1),
(2264, 44, 53, '', 1),
(2265, 44, 54, '', 1),
(2266, 44, 55, '', 1),
(2267, 44, 58, '', 1),
(2268, 44, 60, '', 1),
(2269, 44, 57, '', 1),
(2270, 44, 56, '', 1),
(2271, 44, 59, '', 1),
(2272, 44, 61, '', 1),
(2273, 44, 64, '', 1),
(2274, 44, 63, '', 1),
(2275, 44, 65, '', 1),
(2276, 44, 66, '', 1),
(2277, 44, 62, '', 1),
(2278, 44, 67, '', 1),
(2279, 45, 1, '', 1),
(2280, 45, 2, '', 1),
(2281, 45, 5, '', 1),
(2282, 45, 3, '', 1),
(2283, 45, 4, '', 1),
(2284, 45, 6, '', 1),
(2285, 45, 7, '', 1),
(2286, 45, 9, '', 1),
(2287, 45, 11, '', 1),
(2288, 45, 12, '', 1),
(2289, 45, 8, '', 1),
(2290, 45, 10, '', 1),
(2291, 45, 13, '', 1),
(2292, 45, 14, '', 1),
(2293, 45, 17, '', 1),
(2294, 45, 18, '', 1),
(2295, 45, 16, '', 1),
(2296, 45, 15, '', 1),
(2297, 45, 19, '', 1),
(2298, 45, 23, '', 1),
(2299, 45, 21, '', 1),
(2300, 45, 22, '', 1),
(2301, 45, 24, '', 1),
(2302, 45, 20, '', 1),
(2303, 45, 25, '', 1),
(2304, 45, 26, '', 1),
(2305, 45, 27, '', 1),
(2306, 45, 30, '', 1),
(2307, 45, 28, '', 1),
(2308, 45, 29, '', 1),
(2309, 45, 31, '', 1),
(2310, 45, 33, '', 1),
(2311, 45, 36, '', 1),
(2312, 45, 34, '', 1),
(2313, 45, 32, '', 1),
(2314, 45, 35, '', 1),
(2315, 45, 37, '', 1),
(2316, 45, 40, '', 1),
(2317, 45, 39, '', 1),
(2318, 45, 38, '', 1),
(2319, 45, 41, '', 1),
(2320, 45, 42, '', 1),
(2321, 45, 43, '', 1),
(2322, 45, 47, '', 1),
(2323, 45, 44, '', 1),
(2324, 45, 45, '', 1),
(2325, 45, 48, '', 1),
(2326, 45, 46, '', 1),
(2327, 45, 49, '', 1),
(2328, 45, 52, '', 1),
(2329, 45, 50, '', 1),
(2330, 45, 51, '', 1),
(2331, 45, 54, '', 1),
(2332, 45, 53, '', 1),
(2333, 45, 55, '', 1),
(2334, 45, 57, '', 1),
(2335, 45, 58, '', 1),
(2336, 45, 59, '', 1),
(2337, 45, 56, '', 1),
(2338, 45, 60, '', 1),
(2339, 45, 61, '', 1),
(2340, 45, 65, '', 1),
(2341, 45, 64, '', 1),
(2342, 45, 62, '', 1),
(2343, 45, 66, '', 1),
(2344, 45, 63, '', 1),
(2345, 45, 67, '', 2),
(2346, 46, 1, '', 1),
(2347, 46, 3, '', 1),
(2348, 46, 2, '', 1),
(2349, 46, 5, '', 1),
(2350, 46, 6, '', 1),
(2351, 46, 4, '', 1),
(2352, 46, 7, '', 1),
(2353, 46, 8, '', 1),
(2354, 46, 11, '', 1),
(2355, 46, 9, '', 1),
(2356, 46, 12, '', 1),
(2357, 46, 10, '', 1),
(2358, 46, 13, '', 1),
(2359, 46, 14, '', 1),
(2360, 46, 17, '', 1),
(2361, 46, 16, '', 1),
(2362, 46, 15, '', 1),
(2363, 46, 18, '', 1),
(2364, 46, 19, '', 1),
(2365, 46, 23, '', 1),
(2366, 46, 21, '', 1),
(2367, 46, 20, '', 1),
(2368, 46, 24, '', 1),
(2369, 46, 22, '', 1),
(2370, 46, 25, '', 1),
(2371, 46, 27, '', 1),
(2372, 46, 30, '', 1),
(2373, 46, 26, '', 1),
(2374, 46, 28, '', 1),
(2375, 46, 29, '', 1),
(2376, 46, 31, '', 1),
(2377, 46, 33, '', 1),
(2378, 46, 32, '', 1),
(2379, 46, 34, '', 1),
(2380, 46, 36, '', 1),
(2381, 46, 35, '', 1),
(2382, 46, 37, '', 1),
(2383, 46, 38, '', 1),
(2384, 46, 39, '', 1),
(2385, 46, 40, '', 1),
(2386, 46, 42, '', 1),
(2387, 46, 41, '', 1),
(2388, 46, 43, '', 1),
(2389, 46, 44, '', 1),
(2390, 46, 47, '', 1),
(2391, 46, 45, '', 1),
(2392, 46, 46, '', 1),
(2393, 46, 48, '', 1),
(2394, 46, 49, '', 1),
(2395, 46, 50, '', 1),
(2396, 46, 54, '', 1),
(2397, 46, 51, '', 1),
(2398, 46, 52, '', 1),
(2399, 46, 53, '', 1),
(2400, 46, 55, '', 1),
(2401, 46, 59, '', 1),
(2402, 46, 58, '', 1),
(2403, 46, 56, '', 1),
(2404, 46, 57, '', 1),
(2405, 46, 60, '', 1),
(2406, 46, 61, '', 1),
(2407, 46, 62, '', 1),
(2408, 46, 63, '', 1),
(2409, 46, 64, '', 1),
(2410, 46, 65, '', 1),
(2411, 46, 66, '', 1),
(2412, 46, 67, '', 1),
(2413, 47, 1, '', 1),
(2414, 47, 2, '', 1),
(2415, 47, 3, '', 1),
(2416, 47, 4, '', 1),
(2417, 47, 5, '', 1),
(2418, 47, 6, '', 1),
(2419, 47, 7, '', 1),
(2420, 47, 8, '', 1),
(2421, 47, 10, '', 1),
(2422, 47, 11, '', 1),
(2423, 47, 9, '', 1),
(2424, 47, 12, '', 1),
(2425, 47, 13, '', 1),
(2426, 47, 17, '', 1),
(2427, 47, 14, '', 1),
(2428, 47, 16, '', 1),
(2429, 47, 15, '', 1),
(2430, 47, 18, '', 1),
(2431, 47, 19, '', 1),
(2432, 47, 20, '', 1),
(2433, 47, 24, '', 1),
(2434, 47, 22, '', 1),
(2435, 47, 21, '', 1),
(2436, 47, 23, '', 1),
(2437, 47, 25, '', 1),
(2438, 47, 26, '', 1),
(2439, 47, 28, '', 1),
(2440, 47, 27, '', 1),
(2441, 47, 29, '', 1),
(2442, 47, 30, '', 1),
(2443, 47, 31, '', 1),
(2444, 47, 32, '', 1),
(2445, 47, 35, '', 1),
(2446, 47, 34, '', 1),
(2447, 47, 33, '', 1),
(2448, 47, 36, '', 1),
(2449, 47, 37, '', 1),
(2450, 47, 38, '', 1),
(2451, 47, 42, '', 1),
(2452, 47, 39, '', 1),
(2453, 47, 41, '', 1),
(2454, 47, 40, '', 1),
(2455, 47, 43, '', 1),
(2456, 47, 44, '', 1),
(2457, 47, 46, '', 1),
(2458, 47, 48, '', 1),
(2459, 47, 45, '', 1),
(2460, 47, 47, '', 1);
INSERT INTO `servicios` (`id_servicio`, `id_mantenimiento`, `id_catalogo`, `diagnostico`, `estatus`) VALUES
(2461, 47, 49, '', 1),
(2462, 47, 50, '', 1),
(2463, 47, 51, '', 1),
(2464, 47, 54, '', 1),
(2465, 47, 53, '', 1),
(2466, 47, 52, '', 1),
(2467, 47, 56, '', 1),
(2468, 47, 55, '', 1),
(2469, 47, 58, '', 1),
(2470, 47, 60, '', 1),
(2471, 47, 57, '', 1),
(2472, 47, 59, '', 1),
(2473, 47, 61, '', 1),
(2474, 47, 62, '', 1),
(2475, 47, 63, '', 1),
(2476, 47, 65, '', 1),
(2477, 47, 66, '', 1),
(2478, 47, 64, '', 1),
(2479, 47, 67, '', 1),
(2480, 48, 1, '', 1),
(2481, 48, 2, '', 1),
(2482, 48, 3, '', 1),
(2483, 48, 4, '', 1),
(2484, 48, 5, '', 1),
(2485, 48, 6, '', 1),
(2486, 48, 7, '', 1),
(2487, 48, 8, '', 1),
(2488, 48, 9, '', 1),
(2489, 48, 10, '', 1),
(2490, 48, 11, '', 1),
(2491, 48, 12, '', 1),
(2492, 48, 13, '', 1),
(2493, 48, 15, '', 1),
(2494, 48, 16, '', 1),
(2495, 48, 18, '', 1),
(2496, 48, 17, '', 1),
(2497, 48, 14, '', 1),
(2498, 48, 19, '', 1),
(2499, 48, 23, '', 1),
(2500, 48, 20, '', 1),
(2501, 48, 24, '', 1),
(2502, 48, 21, '', 1),
(2503, 48, 22, '', 1),
(2504, 48, 25, '', 1),
(2505, 48, 30, '', 1),
(2506, 48, 28, '', 1),
(2507, 48, 26, '', 1),
(2508, 48, 27, '', 1),
(2509, 48, 29, '', 1),
(2510, 48, 31, '', 1),
(2511, 48, 36, '', 1),
(2512, 48, 34, '', 1),
(2513, 48, 33, '', 1),
(2514, 48, 32, '', 1),
(2515, 48, 35, '', 1),
(2516, 48, 37, '', 1),
(2517, 48, 38, '', 1),
(2518, 48, 39, '', 1),
(2519, 48, 42, '', 1),
(2520, 48, 40, '', 1),
(2521, 48, 41, '', 1),
(2522, 48, 43, '', 1),
(2523, 48, 47, '', 1),
(2524, 48, 48, '', 1),
(2525, 48, 45, '', 1),
(2526, 48, 46, '', 1),
(2527, 48, 44, '', 1),
(2528, 48, 49, '', 1),
(2529, 48, 54, '', 1),
(2530, 48, 53, '', 1),
(2531, 48, 50, '', 1),
(2532, 48, 51, '', 1),
(2533, 48, 52, '', 1),
(2534, 48, 55, '', 1),
(2535, 48, 59, '', 1),
(2536, 48, 56, '', 1),
(2537, 48, 58, '', 1),
(2538, 48, 60, '', 1),
(2539, 48, 57, '', 1),
(2540, 48, 61, '', 1),
(2541, 48, 62, '', 1),
(2542, 48, 64, '', 1),
(2543, 48, 65, '', 1),
(2544, 48, 66, '', 1),
(2545, 48, 63, '', 1),
(2546, 48, 67, '', 1),
(2547, 49, 2, '', 1),
(2548, 49, 4, '', 1),
(2549, 49, 3, '', 1),
(2550, 49, 5, '', 1),
(2551, 49, 1, '', 1),
(2552, 49, 6, '', 1),
(2553, 49, 7, '', 1),
(2554, 49, 9, '', 1),
(2555, 49, 8, '', 1),
(2556, 49, 11, '', 1),
(2557, 49, 10, '', 1),
(2558, 49, 12, '', 1),
(2559, 49, 13, '', 1),
(2560, 49, 14, '', 1),
(2561, 49, 15, '', 1),
(2562, 49, 16, '', 1),
(2563, 49, 17, '', 1),
(2564, 49, 18, '', 1),
(2565, 49, 19, '', 1),
(2566, 49, 20, '', 1),
(2567, 49, 21, '', 1),
(2568, 49, 22, '', 1),
(2569, 49, 23, '', 1),
(2570, 49, 24, '', 1),
(2571, 49, 25, '', 1),
(2572, 49, 26, '', 1),
(2573, 49, 27, '', 1),
(2574, 49, 28, '', 1),
(2575, 49, 29, '', 1),
(2576, 49, 30, '', 1),
(2577, 49, 31, '', 1),
(2578, 49, 32, '', 1),
(2579, 49, 33, '', 1),
(2580, 49, 35, '', 1),
(2581, 49, 34, '', 1),
(2582, 49, 36, '', 1),
(2583, 49, 38, '', 1),
(2584, 49, 37, '', 1),
(2585, 49, 40, '', 1),
(2586, 49, 42, '', 1),
(2587, 49, 41, '', 1),
(2588, 49, 39, '', 1),
(2589, 49, 44, '', 1),
(2590, 49, 43, '', 1),
(2591, 49, 47, '', 1),
(2592, 49, 46, '', 1),
(2593, 49, 48, '', 1),
(2594, 49, 45, '', 1),
(2595, 49, 49, '', 1),
(2596, 49, 50, '', 1),
(2597, 49, 51, '', 1),
(2598, 49, 53, '', 1),
(2599, 49, 52, '', 1),
(2600, 49, 54, '', 1),
(2601, 49, 55, '', 1),
(2602, 49, 56, '', 1),
(2603, 49, 58, '', 1),
(2604, 49, 57, '', 1),
(2605, 49, 59, '', 1),
(2606, 49, 60, '', 1),
(2607, 49, 61, '', 1),
(2608, 49, 62, '', 1),
(2609, 49, 66, '', 1),
(2610, 49, 63, '', 1),
(2611, 49, 64, '', 1),
(2612, 49, 65, '', 1),
(2613, 49, 67, '', 1),
(2614, 50, 1, '', 1),
(2615, 50, 2, '', 1),
(2616, 50, 3, '', 1),
(2617, 50, 4, '', 1),
(2618, 50, 5, '', 1),
(2619, 50, 6, '', 1),
(2620, 50, 7, '', 1),
(2621, 50, 8, '', 1),
(2622, 50, 9, '', 1),
(2623, 50, 10, '', 1),
(2624, 50, 11, '', 1),
(2625, 50, 12, '', 1),
(2626, 50, 13, '', 1),
(2627, 50, 18, '', 1),
(2628, 50, 17, '', 1),
(2629, 50, 14, '', 1),
(2630, 50, 16, '', 1),
(2631, 50, 15, '', 1),
(2632, 50, 19, '', 1),
(2633, 50, 23, '', 1),
(2634, 50, 21, '', 1),
(2635, 50, 24, '', 1),
(2636, 50, 20, '', 1),
(2637, 50, 22, '', 1),
(2638, 50, 25, '', 1),
(2639, 50, 29, '', 1),
(2640, 50, 27, '', 1),
(2641, 50, 30, '', 1),
(2642, 50, 28, '', 1),
(2643, 50, 26, '', 1),
(2644, 50, 31, '', 1),
(2645, 50, 33, '', 1),
(2646, 50, 36, '', 1),
(2647, 50, 32, '', 1),
(2648, 50, 35, '', 1),
(2649, 50, 34, '', 1),
(2650, 50, 37, '', 1),
(2651, 50, 41, '', 1),
(2652, 50, 39, '', 1),
(2653, 50, 40, '', 1),
(2654, 50, 42, '', 1),
(2655, 50, 38, '', 1),
(2656, 50, 43, '', 1),
(2657, 50, 48, '', 1),
(2658, 50, 44, '', 1),
(2659, 50, 47, '', 1),
(2660, 50, 46, '', 1),
(2661, 50, 45, '', 1),
(2662, 50, 49, '', 1),
(2663, 50, 50, '', 1),
(2664, 50, 51, '', 1),
(2665, 50, 52, '', 1),
(2666, 50, 54, '', 1),
(2667, 50, 53, '', 1),
(2668, 50, 55, '', 1),
(2669, 50, 57, '', 1),
(2670, 50, 60, '', 1),
(2671, 50, 59, '', 1),
(2672, 50, 56, '', 1),
(2673, 50, 58, '', 1),
(2674, 50, 61, '', 1),
(2675, 50, 63, '', 1),
(2676, 50, 62, '', 1),
(2677, 50, 64, '', 1),
(2678, 50, 66, '', 1),
(2679, 50, 65, '', 1),
(2680, 50, 67, '', 1),
(2681, 51, 2, '', 1),
(2682, 51, 1, '', 1),
(2683, 51, 3, '', 1),
(2684, 51, 4, '', 1),
(2685, 51, 6, '', 1),
(2686, 51, 5, '', 1),
(2687, 51, 7, '', 1),
(2688, 51, 11, '', 1),
(2689, 51, 9, '', 1),
(2690, 51, 12, '', 1),
(2691, 51, 8, '', 1),
(2692, 51, 10, '', 1),
(2693, 51, 13, '', 1),
(2694, 51, 14, '', 1),
(2695, 51, 17, '', 1),
(2696, 51, 18, '', 1),
(2697, 51, 16, '', 1),
(2698, 51, 15, '', 1),
(2699, 51, 19, '', 1),
(2700, 51, 21, '', 1),
(2701, 51, 20, '', 1),
(2702, 51, 24, '', 1),
(2703, 51, 22, '', 1),
(2704, 51, 23, '', 1),
(2705, 51, 25, '', 1),
(2706, 51, 26, '', 1),
(2707, 51, 28, '', 1),
(2708, 51, 30, '', 1),
(2709, 51, 27, '', 1),
(2710, 51, 29, '', 1),
(2711, 51, 31, '', 1),
(2712, 51, 32, '', 1),
(2713, 51, 34, '', 1),
(2714, 51, 33, '', 1),
(2715, 51, 36, '', 1),
(2716, 51, 35, '', 1),
(2717, 51, 37, '', 1),
(2718, 51, 38, '', 1),
(2719, 51, 39, '', 1),
(2720, 51, 40, '', 1),
(2721, 51, 41, '', 1),
(2722, 51, 42, '', 1),
(2723, 51, 43, '', 1),
(2724, 51, 48, '', 1),
(2725, 51, 45, '', 1),
(2726, 51, 44, '', 1),
(2727, 51, 47, '', 1),
(2728, 51, 46, '', 1),
(2729, 51, 49, '', 1),
(2730, 51, 53, '', 1),
(2731, 51, 51, '', 1),
(2732, 51, 52, '', 1),
(2733, 51, 50, '', 1),
(2734, 51, 54, '', 1),
(2735, 51, 55, '', 1),
(2736, 51, 56, '', 1),
(2737, 51, 58, '', 1),
(2738, 51, 57, '', 1),
(2739, 51, 60, '', 1),
(2740, 51, 59, '', 1),
(2741, 51, 61, '', 1),
(2742, 51, 63, '', 1),
(2743, 51, 65, '', 1),
(2744, 51, 66, '', 1),
(2745, 51, 62, '', 1),
(2746, 51, 64, '', 1),
(2747, 51, 67, '', 1),
(2748, 52, 1, '', 1),
(2749, 52, 2, '', 1),
(2750, 52, 3, '', 1),
(2751, 52, 4, '', 1),
(2752, 52, 5, '', 1),
(2753, 52, 6, '', 1),
(2754, 52, 7, '', 1),
(2755, 52, 10, '', 1),
(2756, 52, 9, '', 1),
(2757, 52, 12, '', 1),
(2758, 52, 11, '', 1),
(2759, 52, 8, '', 1),
(2760, 52, 13, '', 1),
(2761, 52, 16, '', 1),
(2762, 52, 15, '', 1),
(2763, 52, 18, '', 1),
(2764, 52, 14, '', 1),
(2765, 52, 17, '', 1),
(2766, 52, 19, '', 1),
(2767, 52, 20, '', 1),
(2768, 52, 23, '', 1),
(2769, 52, 24, '', 1),
(2770, 52, 21, '', 1),
(2771, 52, 22, '', 1),
(2772, 52, 25, '', 1),
(2773, 52, 26, '', 1),
(2774, 52, 27, '', 1),
(2775, 52, 28, '', 1),
(2776, 52, 30, '', 1),
(2777, 52, 29, '', 1),
(2778, 52, 31, '', 1),
(2779, 52, 32, '', 1),
(2780, 52, 33, '', 1),
(2781, 52, 35, '', 1),
(2782, 52, 36, '', 1),
(2783, 52, 34, '', 1),
(2784, 52, 37, '', 1),
(2785, 52, 41, '', 1),
(2786, 52, 38, '', 1),
(2787, 52, 39, '', 1),
(2788, 52, 40, '', 1),
(2789, 52, 42, '', 1),
(2790, 52, 43, '', 1),
(2791, 52, 44, '', 1),
(2792, 52, 45, '', 1),
(2793, 52, 48, '', 1),
(2794, 52, 47, '', 1),
(2795, 52, 46, '', 1),
(2796, 52, 49, '', 1),
(2797, 52, 52, '', 1),
(2798, 52, 53, '', 1),
(2799, 52, 51, '', 1),
(2800, 52, 54, '', 1),
(2801, 52, 50, '', 1),
(2802, 52, 55, '', 1),
(2803, 52, 60, '', 1),
(2804, 52, 56, '', 1),
(2805, 52, 57, '', 1),
(2806, 52, 59, '', 1),
(2807, 52, 58, '', 1),
(2808, 52, 61, '', 1),
(2809, 52, 63, '', 1),
(2810, 52, 66, '', 1),
(2811, 52, 65, '', 1),
(2812, 52, 64, '', 1),
(2813, 52, 62, '', 1),
(2814, 52, 67, '', 1),
(2815, 53, 1, '', 1),
(2816, 53, 2, '', 1),
(2817, 53, 3, '', 1),
(2818, 53, 6, '', 1),
(2819, 53, 4, '', 1),
(2820, 53, 5, '', 1),
(2821, 53, 7, '', 1),
(2822, 53, 8, '', 1),
(2823, 53, 9, '', 1),
(2824, 53, 10, '', 1),
(2825, 53, 11, '', 1),
(2826, 53, 12, '', 1),
(2827, 53, 13, '', 1),
(2828, 53, 14, '', 1),
(2829, 53, 18, '', 1),
(2830, 53, 15, '', 1),
(2831, 53, 17, '', 1),
(2832, 53, 16, '', 1),
(2833, 53, 19, '', 1),
(2834, 53, 24, '', 1),
(2835, 53, 20, '', 1),
(2836, 53, 22, '', 1),
(2837, 53, 23, '', 1),
(2838, 53, 21, '', 1),
(2839, 53, 25, '', 1),
(2840, 53, 26, '', 1),
(2841, 53, 28, '', 1),
(2842, 53, 27, '', 1),
(2843, 53, 30, '', 1),
(2844, 53, 29, '', 1),
(2845, 53, 31, '', 1),
(2846, 53, 33, '', 1),
(2847, 53, 32, '', 1),
(2848, 53, 35, '', 1),
(2849, 53, 34, '', 1),
(2850, 53, 36, '', 1),
(2851, 53, 37, '', 1),
(2852, 53, 41, '', 1),
(2853, 53, 40, '', 1),
(2854, 53, 42, '', 1),
(2855, 53, 39, '', 1),
(2856, 53, 38, '', 1),
(2857, 53, 43, '', 1),
(2858, 53, 46, '', 1),
(2859, 53, 45, '', 1),
(2860, 53, 48, '', 1),
(2861, 53, 47, '', 1),
(2862, 53, 44, '', 1),
(2863, 53, 49, '', 1),
(2864, 53, 52, '', 1),
(2865, 53, 50, '', 1),
(2866, 53, 54, '', 1),
(2867, 53, 51, '', 1),
(2868, 53, 53, '', 1),
(2869, 53, 55, '', 1),
(2870, 53, 56, '', 1),
(2871, 53, 59, '', 1),
(2872, 53, 58, '', 1),
(2873, 53, 60, '', 1),
(2874, 53, 57, '', 1),
(2875, 53, 61, '', 1),
(2876, 53, 63, '', 1),
(2877, 53, 66, '', 1),
(2878, 53, 64, '', 1),
(2879, 53, 62, '', 1),
(2880, 53, 65, '', 1),
(2881, 53, 67, '', 1),
(2882, 54, 1, '', 1),
(2883, 54, 3, '', 1),
(2884, 54, 2, '', 1),
(2885, 54, 5, '', 1),
(2886, 54, 4, '', 1),
(2887, 54, 6, '', 1),
(2888, 54, 7, '', 1),
(2889, 54, 9, '', 1),
(2890, 54, 8, '', 1),
(2891, 54, 10, '', 1),
(2892, 54, 11, '', 1),
(2893, 54, 12, '', 1),
(2894, 54, 13, '', 1),
(2895, 54, 17, '', 1),
(2896, 54, 15, '', 1),
(2897, 54, 16, '', 1),
(2898, 54, 18, '', 1),
(2899, 54, 14, '', 1),
(2900, 54, 19, '', 1),
(2901, 54, 20, '', 1),
(2902, 54, 23, '', 1),
(2903, 54, 24, '', 1),
(2904, 54, 22, '', 1),
(2905, 54, 21, '', 1),
(2906, 54, 25, '', 1),
(2907, 54, 27, '', 1),
(2908, 54, 29, '', 1),
(2909, 54, 28, '', 1),
(2910, 54, 26, '', 1),
(2911, 54, 30, '', 1),
(2912, 54, 31, '', 1),
(2913, 54, 32, '', 1),
(2914, 54, 34, '', 1),
(2915, 54, 33, '', 1),
(2916, 54, 36, '', 1),
(2917, 54, 35, '', 1),
(2918, 54, 37, '', 1),
(2919, 54, 39, '', 1),
(2920, 54, 38, '', 1),
(2921, 54, 42, '', 1),
(2922, 54, 40, '', 1),
(2923, 54, 41, '', 1),
(2924, 54, 43, '', 1),
(2925, 54, 47, '', 1),
(2926, 54, 44, '', 1),
(2927, 54, 48, '', 1),
(2928, 54, 45, '', 1),
(2929, 54, 46, '', 1),
(2930, 54, 49, '', 1),
(2931, 54, 51, '', 1),
(2932, 54, 53, '', 1),
(2933, 54, 52, '', 1),
(2934, 54, 50, '', 1),
(2935, 54, 54, '', 1),
(2936, 54, 55, '', 1),
(2937, 54, 56, '', 1),
(2938, 54, 57, '', 1),
(2939, 54, 59, '', 1),
(2940, 54, 60, '', 1),
(2941, 54, 58, '', 1),
(2942, 54, 61, '', 1),
(2943, 54, 63, '', 1),
(2944, 54, 62, '', 1),
(2945, 54, 66, '', 1),
(2946, 54, 64, '', 1),
(2947, 54, 65, '', 1),
(2948, 54, 67, '', 1),
(2949, 55, 3, '', 1),
(2950, 55, 4, '', 1),
(2951, 55, 1, '', 1),
(2952, 55, 5, '', 1),
(2953, 55, 6, '', 1),
(2954, 55, 2, '', 1),
(2955, 55, 7, '', 1),
(2956, 55, 8, '', 1),
(2957, 55, 9, '', 1),
(2958, 55, 10, '', 1),
(2959, 55, 11, '', 1),
(2960, 55, 12, '', 1),
(2961, 55, 13, '', 1),
(2962, 55, 14, '', 1),
(2963, 55, 15, '', 1),
(2964, 55, 16, '', 1),
(2965, 55, 18, '', 1),
(2966, 55, 17, '', 1),
(2967, 55, 19, '', 1),
(2968, 55, 21, '', 1),
(2969, 55, 20, '', 1),
(2970, 55, 22, '', 1),
(2971, 55, 24, '', 1),
(2972, 55, 23, '', 1),
(2973, 55, 25, '', 1),
(2974, 55, 27, '', 1),
(2975, 55, 29, '', 1),
(2976, 55, 26, '', 1),
(2977, 55, 28, '', 1),
(2978, 55, 30, '', 1),
(2979, 55, 31, '', 1),
(2980, 55, 32, '', 1),
(2981, 55, 35, '', 1),
(2982, 55, 33, '', 1),
(2983, 55, 36, '', 1),
(2984, 55, 34, '', 1),
(2985, 55, 37, '', 1),
(2986, 55, 38, '', 1),
(2987, 55, 42, '', 1),
(2988, 55, 40, '', 1),
(2989, 55, 39, '', 1),
(2990, 55, 41, '', 1),
(2991, 55, 43, '', 1),
(2992, 55, 44, '', 1),
(2993, 55, 48, '', 1),
(2994, 55, 45, '', 1),
(2995, 55, 47, '', 1),
(2996, 55, 46, '', 1),
(2997, 55, 49, '', 1),
(2998, 55, 50, '', 1),
(2999, 55, 51, '', 1),
(3000, 55, 52, '', 1),
(3001, 55, 54, '', 1),
(3002, 55, 53, '', 1),
(3003, 55, 55, '', 1),
(3004, 55, 56, '', 1),
(3005, 55, 58, '', 1),
(3006, 55, 59, '', 1),
(3007, 55, 57, '', 1),
(3008, 55, 60, '', 1),
(3009, 55, 61, '', 1),
(3010, 55, 63, '', 1),
(3011, 55, 65, '', 1),
(3012, 55, 62, '', 1),
(3013, 55, 64, '', 1),
(3014, 55, 66, '', 1),
(3015, 55, 67, '', 1),
(3016, 56, 1, '', 1),
(3017, 56, 2, '', 2),
(3018, 56, 4, '', 1),
(3019, 56, 5, '', 1),
(3020, 56, 3, '', 1),
(3021, 56, 6, '', 1),
(3022, 56, 7, '', 1),
(3023, 56, 9, '', 1),
(3024, 56, 8, '', 1),
(3025, 56, 11, '', 1),
(3026, 56, 12, '', 1),
(3027, 56, 10, '', 1),
(3028, 56, 13, '', 1),
(3029, 56, 18, '', 1),
(3030, 56, 15, '', 1),
(3031, 56, 14, '', 1),
(3032, 56, 17, '', 1),
(3033, 56, 16, '', 1),
(3034, 56, 19, '', 1),
(3035, 56, 20, '', 1),
(3036, 56, 21, '', 1),
(3037, 56, 22, '', 1),
(3038, 56, 24, '', 1),
(3039, 56, 23, '', 1),
(3040, 56, 25, '', 1),
(3041, 56, 28, '', 1),
(3042, 56, 30, '', 1),
(3043, 56, 26, '', 1),
(3044, 56, 29, '', 1),
(3045, 56, 27, '', 1),
(3046, 56, 31, '', 1),
(3047, 56, 35, '', 1),
(3048, 56, 32, '', 1),
(3049, 56, 33, '', 1),
(3050, 56, 34, '', 1),
(3051, 56, 36, '', 1),
(3052, 56, 37, '', 1),
(3053, 56, 41, '', 1),
(3054, 56, 38, '', 1),
(3055, 56, 39, '', 1),
(3056, 56, 42, '', 1),
(3057, 56, 40, '', 1),
(3058, 56, 43, '', 1),
(3059, 56, 44, '', 1),
(3060, 56, 47, '', 1),
(3061, 56, 46, '', 1),
(3062, 56, 45, '', 1),
(3063, 56, 48, '', 1),
(3064, 56, 49, '', 1),
(3065, 56, 52, '', 1),
(3066, 56, 51, '', 1),
(3067, 56, 54, '', 1),
(3068, 56, 53, '', 1),
(3069, 56, 50, '', 1),
(3070, 56, 55, '', 1),
(3071, 56, 59, '', 1),
(3072, 56, 57, '', 1),
(3073, 56, 58, '', 1),
(3074, 56, 60, '', 1),
(3075, 56, 56, '', 1),
(3076, 56, 61, '', 1),
(3077, 56, 62, '', 1),
(3078, 56, 65, '', 1),
(3079, 56, 66, '', 1),
(3080, 56, 63, '', 1),
(3081, 56, 64, '', 1),
(3082, 56, 67, '', 1),
(3083, 57, 1, '', 1),
(3084, 57, 5, '', 1),
(3085, 57, 2, '', 2),
(3086, 57, 4, '', 1),
(3087, 57, 6, '', 1),
(3088, 57, 3, '', 1),
(3089, 57, 7, '', 1),
(3090, 57, 10, '', 1),
(3091, 57, 8, '', 1),
(3092, 57, 9, '', 1),
(3093, 57, 11, '', 1),
(3094, 57, 12, '', 1),
(3095, 57, 13, '', 1),
(3096, 57, 16, '', 1),
(3097, 57, 14, '', 1),
(3098, 57, 15, '', 1),
(3099, 57, 19, '', 1),
(3100, 57, 18, '', 1),
(3101, 57, 17, '', 1),
(3102, 57, 21, '', 1),
(3103, 57, 20, '', 1),
(3104, 57, 22, '', 1),
(3105, 57, 25, '', 1),
(3106, 57, 24, '', 1),
(3107, 57, 23, '', 1),
(3108, 57, 27, '', 1),
(3109, 57, 26, '', 1),
(3110, 57, 28, '', 1),
(3111, 57, 29, '', 1),
(3112, 57, 31, '', 1),
(3113, 57, 30, '', 1),
(3114, 57, 33, '', 1),
(3115, 57, 32, '', 1),
(3116, 57, 34, '', 1),
(3117, 57, 37, '', 1),
(3118, 57, 35, '', 1),
(3119, 57, 36, '', 1),
(3120, 57, 39, '', 1),
(3121, 57, 38, '', 1),
(3122, 57, 40, '', 1),
(3123, 57, 43, '', 1),
(3124, 57, 41, '', 1),
(3125, 57, 42, '', 1),
(3126, 57, 46, '', 1),
(3127, 57, 44, '', 1),
(3128, 57, 45, '', 1),
(3129, 57, 48, '', 1),
(3130, 57, 49, '', 1),
(3131, 57, 47, '', 1),
(3132, 57, 50, '', 1),
(3133, 57, 52, '', 1),
(3134, 57, 51, '', 1),
(3135, 57, 55, '', 1),
(3136, 57, 54, '', 1),
(3137, 57, 53, '', 1),
(3138, 57, 58, '', 1),
(3139, 57, 56, '', 1),
(3140, 57, 57, '', 1),
(3141, 57, 61, '', 1),
(3142, 57, 59, '', 1),
(3143, 57, 60, '', 1),
(3144, 57, 64, '', 1),
(3145, 57, 63, '', 1),
(3146, 57, 62, '', 1),
(3147, 57, 65, '', 1),
(3148, 57, 67, '', 1),
(3149, 57, 66, '', 1),
(3150, 62, 1, '', 1),
(3151, 62, 2, '', 1),
(3152, 62, 3, '', 3),
(3153, 62, 4, '', 1),
(3154, 62, 5, '', 1),
(3155, 62, 6, '', 1),
(3156, 62, 7, '', 1),
(3157, 62, 12, '', 1),
(3158, 62, 10, '', 1),
(3159, 62, 11, '', 1),
(3160, 62, 8, '', 1),
(3161, 62, 9, '', 1),
(3162, 62, 13, '', 1),
(3163, 62, 15, '', 1),
(3164, 62, 14, '', 1),
(3165, 62, 17, '', 1),
(3166, 62, 16, '', 1),
(3167, 62, 18, '', 1),
(3168, 62, 19, '', 1),
(3169, 62, 20, '', 1),
(3170, 62, 24, '', 1),
(3171, 62, 22, '', 1),
(3172, 62, 23, '', 1),
(3173, 62, 21, '', 1),
(3174, 62, 25, '', 1),
(3175, 62, 27, '', 1),
(3176, 62, 28, '', 1),
(3177, 62, 26, '', 1),
(3178, 62, 29, '', 1),
(3179, 62, 30, '', 1),
(3180, 62, 31, '', 1),
(3181, 62, 35, '', 1),
(3182, 62, 32, '', 1),
(3183, 62, 36, '', 1),
(3184, 62, 33, '', 1),
(3185, 62, 34, '', 1),
(3186, 62, 37, '', 1),
(3187, 62, 40, '', 1),
(3188, 62, 41, '', 1),
(3189, 62, 38, '', 1),
(3190, 62, 39, '', 1),
(3191, 62, 42, '', 1),
(3192, 62, 43, '', 1),
(3193, 62, 46, '', 1),
(3194, 62, 45, '', 1),
(3195, 62, 44, '', 1),
(3196, 62, 48, '', 1),
(3197, 62, 47, '', 1),
(3198, 62, 49, '', 1),
(3199, 62, 52, '', 1),
(3200, 62, 51, '', 1),
(3201, 62, 50, '', 1),
(3202, 62, 53, '', 1),
(3203, 62, 54, '', 1),
(3204, 62, 55, '', 1),
(3205, 62, 57, '', 1),
(3206, 62, 58, '', 1),
(3207, 62, 56, '', 1),
(3208, 62, 59, '', 1),
(3209, 62, 60, '', 1),
(3210, 62, 61, '', 1),
(3211, 62, 66, '', 1),
(3212, 62, 64, '', 1),
(3213, 62, 62, '', 1),
(3214, 62, 63, '', 1),
(3215, 62, 65, '', 1),
(3216, 62, 67, '', 1),
(3217, 66, 68, '', 1),
(3218, 66, 71, '', 1),
(3219, 66, 69, '', 1),
(3220, 66, 70, '', 1),
(3221, 66, 72, '', 1),
(3222, 66, 73, '', 1),
(3223, 66, 74, '', 1),
(3224, 66, 77, '', 1),
(3225, 66, 75, '', 1),
(3226, 66, 76, '', 1),
(3227, 66, 78, '', 1),
(3228, 67, 68, '', 1),
(3229, 67, 69, '', 1),
(3230, 67, 72, '', 1),
(3231, 67, 70, '', 1),
(3232, 67, 71, '', 1),
(3233, 67, 73, '', 2),
(3234, 67, 74, '', 1),
(3235, 67, 78, '', 3),
(3236, 67, 76, '', 1),
(3237, 67, 75, '', 1),
(3238, 67, 77, '', 1),
(3239, 68, 68, '', 1),
(3240, 68, 69, '', 1),
(3241, 68, 71, '', 1),
(3242, 68, 70, '', 1),
(3243, 68, 72, '', 2),
(3244, 68, 73, '', 1),
(3245, 68, 74, '', 1),
(3246, 68, 75, '', 1),
(3247, 68, 77, '', 3),
(3248, 68, 78, '', 3),
(3249, 68, 76, '', 1),
(3250, 69, 1, '', 1),
(3251, 69, 3, '', 1),
(3252, 69, 2, '', 2),
(3253, 69, 4, '', 1),
(3254, 69, 5, '', 3),
(3255, 69, 7, '', 1),
(3256, 69, 6, '', 1),
(3257, 69, 9, '', 1),
(3258, 69, 8, '', 1),
(3259, 69, 10, '', 1),
(3260, 69, 12, '', 1),
(3261, 69, 11, '', 1),
(3262, 69, 13, '', 1),
(3263, 69, 14, '', 1),
(3264, 69, 15, '', 1),
(3265, 69, 18, '', 1),
(3266, 69, 17, '', 1),
(3267, 69, 16, '', 1),
(3268, 69, 19, '', 1),
(3269, 69, 20, '', 1),
(3270, 69, 21, '', 1),
(3271, 69, 24, '', 1),
(3272, 69, 23, '', 1),
(3273, 69, 22, '', 1),
(3274, 69, 25, '', 1),
(3275, 69, 26, '', 1),
(3276, 69, 27, '', 1),
(3277, 69, 28, '', 1),
(3278, 69, 29, '', 1),
(3279, 69, 30, '', 1),
(3280, 69, 31, '', 1),
(3281, 69, 32, '', 1),
(3282, 69, 33, '', 1),
(3283, 69, 34, '', 1),
(3284, 69, 35, '', 1),
(3285, 69, 36, '', 1),
(3286, 69, 37, '', 1),
(3287, 69, 38, '', 1),
(3288, 69, 39, '', 1),
(3289, 69, 42, '', 1),
(3290, 69, 40, '', 1),
(3291, 69, 41, '', 1),
(3292, 69, 43, '', 1),
(3293, 69, 44, '', 1),
(3294, 69, 45, '', 1),
(3295, 69, 47, '', 1),
(3296, 69, 46, '', 1),
(3297, 69, 48, '', 1),
(3298, 69, 49, '', 1),
(3299, 69, 50, '', 1),
(3300, 69, 52, '', 1),
(3301, 69, 51, '', 1),
(3302, 69, 53, '', 1),
(3303, 69, 54, '', 1),
(3304, 69, 55, '', 1),
(3305, 69, 56, '', 1),
(3306, 69, 57, '', 1),
(3307, 69, 58, '', 1),
(3308, 69, 59, '', 1),
(3309, 69, 60, '', 1),
(3310, 69, 61, '', 1),
(3311, 69, 62, '', 1),
(3312, 69, 63, '', 1),
(3313, 69, 64, '', 1),
(3314, 69, 66, '', 1),
(3315, 69, 65, '', 1),
(3316, 69, 67, '', 1),
(3317, 70, 68, '', 1),
(3318, 70, 69, '', 1),
(3319, 70, 70, '', 1),
(3320, 70, 73, '', 1),
(3321, 70, 71, '', 1),
(3322, 70, 72, '', 3),
(3323, 70, 74, '', 3),
(3324, 70, 75, '', 1),
(3325, 70, 76, '', 1),
(3326, 70, 77, '', 1),
(3327, 70, 78, '', 1),
(3328, 71, 68, '', 1),
(3329, 71, 70, '', 1),
(3330, 71, 73, '', 1),
(3331, 71, 71, '', 1),
(3332, 71, 69, '', 2),
(3333, 71, 72, '', 3),
(3334, 71, 74, '', 3),
(3335, 71, 75, '', 1),
(3336, 71, 76, '', 1),
(3337, 71, 78, '', 2),
(3338, 71, 77, '', 1),
(3339, 72, 71, '', 1),
(3340, 72, 73, '', 1),
(3341, 72, 68, '', 2),
(3342, 72, 69, '', 1),
(3343, 72, 70, '', 1),
(3344, 72, 72, '', 3),
(3345, 72, 74, '', 2),
(3346, 72, 75, '', 1),
(3347, 72, 76, '', 1),
(3348, 72, 77, '', 1),
(3349, 72, 78, '', 1),
(3350, 73, 79, '', 1),
(3351, 73, 80, '', 2),
(3352, 73, 82, '', 1),
(3353, 73, 83, '', 3),
(3354, 73, 81, '', 1),
(3355, 73, 84, '', 1),
(3356, 74, 79, '', 1),
(3357, 74, 80, '', 2),
(3358, 74, 82, '', 1),
(3359, 74, 81, '', 1),
(3360, 74, 84, '', 1),
(3361, 74, 83, '', 2),
(3362, 75, 79, '', 1),
(3363, 75, 80, '', 1),
(3364, 75, 84, '', 1),
(3365, 75, 83, '', 1),
(3366, 75, 81, '', 1),
(3367, 75, 82, '', 1),
(3368, 0, 1, '', 1),
(3369, 0, 2, '', 1),
(3370, 0, 4, '', 1),
(3371, 0, 3, '', 1),
(3372, 0, 6, '', 1),
(3373, 0, 5, '', 1),
(3374, 0, 7, '', 1),
(3375, 0, 8, '', 1),
(3376, 0, 9, '', 1),
(3377, 0, 10, '', 1),
(3378, 0, 11, '', 1),
(3379, 0, 12, '', 1),
(3380, 0, 13, '', 1),
(3381, 0, 14, '', 1),
(3382, 0, 15, '', 1),
(3383, 0, 16, '', 1),
(3384, 0, 19, '', 1),
(3385, 0, 17, '', 1),
(3386, 0, 18, '', 1),
(3387, 0, 20, '', 1),
(3388, 0, 21, '', 1),
(3389, 0, 22, '', 1),
(3390, 0, 23, '', 1),
(3391, 0, 25, '', 1),
(3392, 0, 24, '', 1),
(3393, 0, 27, '', 1),
(3394, 0, 26, '', 1),
(3395, 0, 28, '', 1),
(3396, 0, 29, '', 1),
(3397, 0, 30, '', 1),
(3398, 0, 32, '', 1),
(3399, 0, 31, '', 1),
(3400, 0, 34, '', 1),
(3401, 0, 33, '', 1),
(3402, 0, 35, '', 1),
(3403, 0, 36, '', 1),
(3404, 0, 37, '', 1),
(3405, 0, 38, '', 1),
(3406, 0, 40, '', 1),
(3407, 0, 39, '', 1),
(3408, 0, 41, '', 1),
(3409, 0, 42, '', 1),
(3410, 0, 44, '', 1),
(3411, 0, 43, '', 1),
(3412, 0, 45, '', 1),
(3413, 0, 46, '', 1),
(3414, 0, 47, '', 1),
(3415, 0, 48, '', 1),
(3416, 0, 49, '', 1),
(3417, 0, 50, '', 1),
(3418, 0, 52, '', 1),
(3419, 0, 51, '', 1),
(3420, 0, 54, '', 1),
(3421, 0, 53, '', 1),
(3422, 0, 55, '', 1),
(3423, 0, 56, '', 1),
(3424, 0, 57, '', 1),
(3425, 0, 58, '', 1),
(3426, 0, 59, '', 1),
(3427, 0, 60, '', 1),
(3428, 0, 62, '', 1),
(3429, 0, 61, '', 1),
(3430, 0, 63, '', 1),
(3431, 0, 64, '', 1),
(3432, 0, 66, '', 1),
(3433, 0, 65, '', 1),
(3434, 0, 67, '', 1),
(3435, 0, 1, '', 1),
(3436, 0, 2, '', 1),
(3437, 0, 4, '', 1),
(3438, 0, 3, '', 1),
(3439, 0, 5, '', 1),
(3440, 0, 6, '', 1),
(3441, 0, 7, '', 1),
(3442, 0, 9, '', 1),
(3443, 0, 8, '', 1),
(3444, 0, 10, '', 1),
(3445, 0, 11, '', 1),
(3446, 0, 12, '', 1),
(3447, 0, 13, '', 1),
(3448, 0, 15, '', 1),
(3449, 0, 14, '', 1),
(3450, 0, 17, '', 1),
(3451, 0, 16, '', 1),
(3452, 0, 18, '', 1),
(3453, 0, 19, '', 1),
(3454, 0, 20, '', 1),
(3455, 0, 21, '', 1),
(3456, 0, 22, '', 1),
(3457, 0, 23, '', 1),
(3458, 0, 24, '', 1),
(3459, 0, 25, '', 1),
(3460, 0, 27, '', 1),
(3461, 0, 26, '', 1),
(3462, 0, 29, '', 1),
(3463, 0, 28, '', 1),
(3464, 0, 30, '', 1),
(3465, 0, 31, '', 1),
(3466, 0, 32, '', 1),
(3467, 0, 34, '', 1),
(3468, 0, 35, '', 1),
(3469, 0, 33, '', 1),
(3470, 0, 37, '', 1),
(3471, 0, 36, '', 1),
(3472, 0, 39, '', 1),
(3473, 0, 41, '', 1),
(3474, 0, 38, '', 1),
(3475, 0, 40, '', 1),
(3476, 0, 43, '', 1),
(3477, 0, 42, '', 1),
(3478, 0, 45, '', 1),
(3479, 0, 47, '', 1),
(3480, 0, 44, '', 1),
(3481, 0, 46, '', 1),
(3482, 0, 49, '', 1),
(3483, 0, 48, '', 1),
(3484, 0, 50, '', 1),
(3485, 0, 51, '', 1),
(3486, 0, 52, '', 1),
(3487, 0, 53, '', 1),
(3488, 0, 54, '', 1),
(3489, 0, 55, '', 1),
(3490, 0, 56, '', 1),
(3491, 0, 57, '', 1),
(3492, 0, 59, '', 1),
(3493, 0, 58, '', 1),
(3494, 0, 60, '', 1),
(3495, 0, 61, '', 1),
(3496, 0, 62, '', 1),
(3497, 0, 63, '', 1),
(3498, 0, 64, '', 1),
(3499, 0, 65, '', 1),
(3500, 0, 66, '', 1),
(3501, 0, 67, '', 1),
(3502, 0, 1, '', 1),
(3503, 0, 2, '', 1),
(3504, 0, 3, '', 1),
(3505, 0, 4, '', 1),
(3506, 0, 5, '', 1),
(3507, 0, 6, '', 1),
(3508, 0, 7, '', 1),
(3509, 0, 8, '', 1),
(3510, 0, 9, '', 1),
(3511, 0, 10, '', 1),
(3512, 0, 11, '', 1),
(3513, 0, 12, '', 1),
(3514, 0, 13, '', 1),
(3515, 0, 14, '', 1),
(3516, 0, 15, '', 1),
(3517, 0, 16, '', 1),
(3518, 0, 17, '', 1),
(3519, 0, 18, '', 1),
(3520, 0, 19, '', 1),
(3521, 0, 23, '', 1),
(3522, 0, 21, '', 1),
(3523, 0, 20, '', 1),
(3524, 0, 24, '', 1),
(3525, 0, 22, '', 1),
(3526, 0, 25, '', 1),
(3527, 0, 26, '', 1),
(3528, 0, 27, '', 1),
(3529, 0, 28, '', 1),
(3530, 0, 29, '', 1),
(3531, 0, 30, '', 1),
(3532, 0, 31, '', 1),
(3533, 0, 33, '', 1),
(3534, 0, 32, '', 1),
(3535, 0, 36, '', 1),
(3536, 0, 34, '', 1),
(3537, 0, 35, '', 1),
(3538, 0, 37, '', 1),
(3539, 0, 38, '', 1),
(3540, 0, 40, '', 1),
(3541, 0, 41, '', 1),
(3542, 0, 39, '', 1),
(3543, 0, 43, '', 1),
(3544, 0, 42, '', 1),
(3545, 0, 44, '', 1),
(3546, 0, 45, '', 1),
(3547, 0, 46, '', 1),
(3548, 0, 47, '', 1),
(3549, 0, 48, '', 1),
(3550, 0, 49, '', 1),
(3551, 0, 52, '', 1),
(3552, 0, 51, '', 1),
(3553, 0, 50, '', 1),
(3554, 0, 53, '', 1),
(3555, 0, 54, '', 1),
(3556, 0, 55, '', 1),
(3557, 0, 56, '', 1),
(3558, 0, 58, '', 1),
(3559, 0, 57, '', 1),
(3560, 0, 59, '', 1),
(3561, 0, 60, '', 1),
(3562, 0, 61, '', 1),
(3563, 0, 62, '', 1),
(3564, 0, 63, '', 1),
(3565, 0, 65, '', 1),
(3566, 0, 64, '', 1),
(3567, 0, 67, '', 1),
(3568, 0, 66, '', 1),
(3569, 76, 1, '', 1),
(3570, 76, 4, '', 1),
(3571, 76, 5, '', 1),
(3572, 76, 6, '', 1),
(3573, 76, 3, '', 1),
(3574, 76, 7, '', 1),
(3575, 76, 2, '', 1),
(3576, 76, 8, '', 1),
(3577, 76, 9, '', 1),
(3578, 76, 10, '', 1),
(3579, 76, 11, '', 1),
(3580, 76, 12, '', 1),
(3581, 76, 13, '', 1),
(3582, 76, 16, '', 1),
(3583, 76, 14, '', 1),
(3584, 76, 15, '', 1),
(3585, 76, 17, '', 1),
(3586, 76, 18, '', 1),
(3587, 76, 19, '', 1),
(3588, 76, 20, '', 1),
(3589, 76, 21, '', 1),
(3590, 76, 23, '', 1),
(3591, 76, 22, '', 1),
(3592, 76, 25, '', 1),
(3593, 76, 24, '', 1),
(3594, 76, 27, '', 1),
(3595, 76, 28, '', 1),
(3596, 76, 26, '', 1),
(3597, 76, 29, '', 1),
(3598, 76, 31, '', 1),
(3599, 76, 30, '', 1),
(3600, 76, 32, '', 1),
(3601, 76, 34, '', 1),
(3602, 76, 33, '', 1),
(3603, 76, 35, '', 1),
(3604, 76, 36, '', 1),
(3605, 76, 37, '', 1),
(3606, 76, 39, '', 1),
(3607, 76, 38, '', 1),
(3608, 76, 40, '', 1),
(3609, 76, 41, '', 1),
(3610, 76, 42, '', 1),
(3611, 76, 43, '', 1),
(3612, 76, 47, '', 1),
(3613, 76, 45, '', 1),
(3614, 76, 46, '', 1),
(3615, 76, 44, '', 1),
(3616, 76, 48, '', 1),
(3617, 76, 49, '', 1),
(3618, 76, 51, '', 1),
(3619, 76, 50, '', 1),
(3620, 76, 53, '', 1),
(3621, 76, 54, '', 1),
(3622, 76, 52, '', 1),
(3623, 76, 55, '', 1),
(3624, 76, 57, '', 1),
(3625, 76, 56, '', 1),
(3626, 76, 60, '', 1),
(3627, 76, 59, '', 1),
(3628, 76, 61, '', 1),
(3629, 76, 58, '', 1),
(3630, 76, 63, '', 1),
(3631, 76, 62, '', 1),
(3632, 76, 66, '', 1),
(3633, 76, 65, '', 1),
(3634, 76, 64, '', 1),
(3635, 76, 67, '', 1),
(3636, 77, 1, '', 1),
(3637, 77, 2, '', 1),
(3638, 77, 4, '', 1),
(3639, 77, 3, '', 1),
(3640, 77, 5, '', 1),
(3641, 77, 6, '', 1),
(3642, 77, 7, '', 1),
(3643, 77, 8, '', 1),
(3644, 77, 9, '', 1),
(3645, 77, 10, '', 1),
(3646, 77, 11, '', 1),
(3647, 77, 12, '', 1),
(3648, 77, 13, '', 1),
(3649, 77, 14, '', 1),
(3650, 77, 15, '', 1),
(3651, 77, 16, '', 1),
(3652, 77, 17, '', 1),
(3653, 77, 19, '', 1),
(3654, 77, 18, '', 1),
(3655, 77, 22, '', 1),
(3656, 77, 20, '', 1),
(3657, 77, 21, '', 1),
(3658, 77, 23, '', 1),
(3659, 77, 24, '', 1),
(3660, 77, 25, '', 1),
(3661, 77, 26, '', 1),
(3662, 77, 28, '', 1),
(3663, 77, 29, '', 1),
(3664, 77, 27, '', 1),
(3665, 77, 31, '', 1),
(3666, 77, 30, '', 1),
(3667, 77, 33, '', 1),
(3668, 77, 32, '', 1),
(3669, 77, 35, '', 1),
(3670, 77, 34, '', 1),
(3671, 77, 36, '', 1),
(3672, 77, 37, '', 1),
(3673, 77, 38, '', 1),
(3674, 77, 40, '', 1),
(3675, 77, 39, '', 1),
(3676, 77, 41, '', 1),
(3677, 77, 42, '', 1),
(3678, 77, 43, '', 1),
(3679, 77, 46, '', 1),
(3680, 77, 45, '', 1),
(3681, 77, 44, '', 1),
(3682, 77, 47, '', 1),
(3683, 77, 49, '', 1),
(3684, 77, 48, '', 1),
(3685, 77, 51, '', 1),
(3686, 77, 53, '', 1),
(3687, 77, 50, '', 1),
(3688, 77, 52, '', 1),
(3689, 77, 54, '', 1),
(3690, 77, 55, '', 1),
(3691, 77, 58, '', 1),
(3692, 77, 57, '', 1),
(3693, 77, 56, '', 1),
(3694, 77, 59, '', 1),
(3695, 77, 60, '', 1),
(3696, 77, 61, '', 1),
(3697, 77, 62, '', 1),
(3698, 77, 63, '', 1),
(3699, 77, 65, '', 1),
(3700, 77, 64, '', 1),
(3701, 77, 66, '', 1),
(3702, 77, 67, '', 1),
(3703, 78, 1, 'Mal servicio', 2),
(3704, 78, 4, '', 1),
(3705, 78, 2, '', 1),
(3706, 78, 5, '', 1),
(3707, 78, 3, '', 1),
(3708, 78, 6, 'Pronta revisión', 3),
(3709, 78, 7, '', 1),
(3710, 78, 11, '', 1),
(3711, 78, 12, '', 1),
(3712, 78, 8, '', 1),
(3713, 78, 10, '', 1),
(3714, 78, 9, '', 1),
(3715, 78, 13, '', 1),
(3716, 78, 14, '', 1),
(3717, 78, 18, '', 1),
(3718, 78, 17, '', 1),
(3719, 78, 15, '', 1),
(3720, 78, 16, '', 1),
(3721, 78, 19, 'Tanque oxidado', 2),
(3722, 78, 22, '', 1),
(3723, 78, 20, '', 1),
(3724, 78, 24, '', 1),
(3725, 78, 23, '', 1),
(3726, 78, 21, '', 1),
(3727, 78, 25, '', 1),
(3728, 78, 29, 'Mal funcionamiento', 3),
(3729, 78, 28, '', 1),
(3730, 78, 26, '', 1),
(3731, 78, 30, '', 1),
(3732, 78, 27, '', 1),
(3733, 78, 31, '', 1),
(3734, 78, 32, '', 1),
(3735, 78, 33, '', 1),
(3736, 78, 36, '', 1),
(3737, 78, 34, '', 1),
(3738, 78, 35, '', 1),
(3739, 78, 37, '', 1),
(3740, 78, 38, '', 1),
(3741, 78, 42, '', 1),
(3742, 78, 39, '', 1),
(3743, 78, 41, '', 1),
(3744, 78, 40, '', 1),
(3745, 78, 43, '', 1),
(3746, 78, 47, '', 1),
(3747, 78, 44, '', 1),
(3748, 78, 48, '', 1),
(3749, 78, 46, '', 1),
(3750, 78, 45, '', 1),
(3751, 78, 49, '', 1),
(3752, 78, 52, '', 1),
(3753, 78, 51, '', 1),
(3754, 78, 50, '', 1),
(3755, 78, 53, '', 1),
(3756, 78, 54, '', 1),
(3757, 78, 55, '', 1),
(3758, 78, 59, '', 1),
(3759, 78, 57, '', 1),
(3760, 78, 56, '', 1),
(3761, 78, 58, '', 1),
(3762, 78, 60, '', 1),
(3763, 78, 61, '', 1),
(3764, 78, 62, '', 1),
(3765, 78, 64, '', 1),
(3766, 78, 66, '', 1),
(3767, 78, 65, '', 1),
(3768, 78, 63, '', 1),
(3769, 78, 67, '', 1),
(3770, 79, 85, 'Bueno', 1),
(3771, 80, 85, 'Malooo', 3),
(3772, 81, 68, '', 1),
(3773, 81, 70, '', 1),
(3774, 81, 72, '', 1),
(3775, 81, 73, '', 1),
(3776, 81, 69, '', 1),
(3777, 81, 71, 'Regularrr', 2),
(3778, 81, 74, '', 1),
(3779, 81, 75, '', 1),
(3780, 81, 76, '', 1),
(3781, 81, 78, '', 1),
(3782, 81, 77, '', 1),
(3783, 82, 68, '', 1),
(3784, 82, 70, '', 1),
(3785, 82, 71, 'Regularrr', 2),
(3786, 82, 69, '', 1),
(3787, 82, 73, '', 1),
(3788, 82, 72, '', 1),
(3789, 82, 74, '', 1),
(3790, 82, 77, '', 1),
(3791, 82, 78, '', 3),
(3792, 82, 75, '', 1),
(3793, 82, 76, '', 1),
(3794, 83, 68, '', 1),
(3795, 83, 71, 'Regularrr', 2),
(3796, 83, 72, '', 1),
(3797, 83, 73, '', 1),
(3798, 83, 69, '', 1),
(3799, 83, 70, '', 1),
(3800, 83, 74, '', 1),
(3801, 83, 77, '', 1),
(3802, 83, 75, '', 1),
(3803, 83, 78, 'asd', 3),
(3804, 83, 76, '', 3),
(3805, 84, 86, '', 3),
(3806, 85, 86, '', 2),
(3807, 86, 79, '', 2),
(3808, 86, 80, '', 1),
(3809, 86, 82, '', 3),
(3810, 86, 81, '', 1),
(3811, 86, 83, '', 1),
(3812, 86, 84, '', 1),
(3813, 87, 69, '', 2),
(3814, 87, 68, '', 1),
(3815, 87, 70, '', 1),
(3816, 87, 72, '', 1),
(3817, 87, 71, '', 1),
(3818, 87, 73, '', 1),
(3819, 87, 74, '', 1),
(3820, 87, 75, '', 1),
(3821, 87, 76, '', 1),
(3822, 87, 78, '', 1),
(3823, 87, 77, '', 3),
(3824, 88, 68, '', 1),
(3825, 88, 70, '', 1),
(3826, 88, 69, '', 1),
(3827, 88, 71, '', 1),
(3828, 88, 72, '', 1),
(3829, 88, 73, '', 1),
(3830, 88, 74, '', 1),
(3831, 88, 75, '', 1),
(3832, 88, 76, '', 1),
(3833, 88, 77, '', 1),
(3834, 88, 78, '', 1),
(3835, 89, 68, '', 3),
(3836, 89, 70, '', 1),
(3837, 89, 69, '', 1),
(3838, 89, 71, '', 1),
(3839, 89, 72, '', 1),
(3840, 89, 73, '', 1),
(3841, 89, 74, '', 1),
(3842, 89, 77, '', 1),
(3843, 89, 76, '', 1),
(3844, 89, 78, '', 1),
(3845, 89, 75, '', 1),
(3846, 90, 68, '', 3),
(3847, 90, 72, '', 1),
(3848, 90, 70, '', 2),
(3849, 90, 73, '', 1),
(3850, 90, 71, '', 1),
(3851, 90, 69, '', 1),
(3852, 90, 74, '', 1),
(3853, 90, 75, '', 1),
(3854, 90, 76, '', 1),
(3855, 90, 77, '', 1),
(3856, 90, 78, '', 1),
(3857, 91, 68, '', 3),
(3858, 91, 69, '', 1),
(3859, 91, 72, '', 3),
(3860, 91, 71, '', 1),
(3861, 91, 70, '', 2),
(3862, 91, 73, '', 1),
(3863, 91, 74, '', 1),
(3864, 91, 75, '', 1),
(3865, 91, 76, '', 2),
(3866, 91, 77, '', 1),
(3867, 91, 78, '', 1),
(3868, 92, 68, '', 1),
(3869, 92, 69, '', 1),
(3870, 92, 72, '', 1),
(3871, 92, 73, '', 1),
(3872, 92, 70, '', 1),
(3873, 92, 71, '', 1),
(3874, 92, 74, '', 3),
(3875, 92, 75, '', 1),
(3876, 92, 76, '', 2),
(3877, 92, 77, '', 1),
(3878, 92, 78, '', 1),
(3879, 93, 68, 'asd', 2),
(3880, 93, 69, '', 1),
(3881, 93, 72, 'asdasdasdasd', 2),
(3882, 93, 71, '', 1),
(3883, 93, 70, 'asdasd', 3),
(3884, 93, 73, '', 1),
(3885, 93, 74, '', 1),
(3886, 93, 76, '', 1),
(3887, 93, 77, '', 1),
(3888, 93, 78, '', 1),
(3889, 93, 75, '', 1),
(3890, 94, 1, 'Mal servicio', 2),
(3891, 94, 4, '', 1),
(3892, 94, 5, '', 1),
(3893, 94, 2, '', 1),
(3894, 94, 3, 'asd', 3),
(3895, 94, 6, '', 1),
(3896, 94, 7, '', 1),
(3897, 94, 8, '', 1),
(3898, 94, 9, 'asdasd', 2),
(3899, 94, 10, '', 1),
(3900, 94, 11, '', 1),
(3901, 94, 12, 'asdasd', 3),
(3902, 94, 13, '', 1),
(3903, 94, 14, '', 1),
(3904, 94, 15, '', 1),
(3905, 94, 18, '', 1),
(3906, 94, 16, '', 1),
(3907, 94, 19, '', 1),
(3908, 94, 17, '', 1),
(3909, 94, 21, '', 1),
(3910, 94, 20, '', 1),
(3911, 94, 22, '', 1),
(3912, 94, 25, '', 1),
(3913, 94, 24, '', 1),
(3914, 94, 23, '', 1),
(3915, 94, 27, '', 1),
(3916, 94, 26, '', 1),
(3917, 94, 29, '', 1),
(3918, 94, 28, '', 1),
(3919, 94, 30, '', 1),
(3920, 94, 31, '', 1),
(3921, 94, 33, '', 1),
(3922, 94, 32, '', 1),
(3923, 94, 35, '', 1),
(3924, 94, 37, '', 1),
(3925, 94, 34, '', 1),
(3926, 94, 36, '', 1),
(3927, 94, 39, '', 1),
(3928, 94, 38, '', 1),
(3929, 94, 41, '', 1),
(3930, 94, 40, '', 1),
(3931, 94, 42, '', 1),
(3932, 94, 43, '', 1),
(3933, 94, 44, '', 1),
(3934, 94, 45, '', 1),
(3935, 94, 47, '', 1),
(3936, 94, 46, '', 1),
(3937, 94, 48, '', 1),
(3938, 94, 49, '', 1),
(3939, 94, 51, '', 1),
(3940, 94, 50, '', 1),
(3941, 94, 54, '', 1),
(3942, 94, 55, '', 1),
(3943, 94, 53, '', 1),
(3944, 94, 52, '', 1),
(3945, 94, 57, '', 1),
(3946, 94, 56, '', 1),
(3947, 94, 58, '', 1),
(3948, 94, 60, '', 1),
(3949, 94, 59, '', 1),
(3950, 94, 61, '', 1),
(3951, 94, 62, '', 1),
(3952, 94, 64, '', 1),
(3953, 94, 63, 'asdasd', 2),
(3954, 94, 66, '', 1),
(3955, 94, 65, '', 1),
(3956, 94, 67, '', 1),
(3957, 95, 79, 'asd', 1),
(3958, 95, 80, 'asd', 2),
(3959, 95, 81, '', 1),
(3960, 95, 82, '', 1),
(3961, 95, 83, '', 1),
(3962, 95, 84, '', 1),
(3963, 96, 79, '', 2),
(3964, 96, 80, '', 3),
(3965, 96, 83, '', 1),
(3966, 96, 84, '', 1),
(3967, 96, 82, '', 2),
(3968, 96, 81, '', 1),
(3969, 97, 79, '', 2),
(3970, 97, 80, '', 3),
(3971, 97, 84, '', 1),
(3972, 97, 81, '', 1),
(3973, 97, 82, '', 2),
(3974, 97, 83, '', 1),
(3975, 98, 79, '', 2),
(3976, 98, 80, '', 3),
(3977, 98, 81, '', 1),
(3978, 98, 82, '', 2),
(3979, 98, 83, '', 1),
(3980, 98, 84, '', 1),
(3981, 99, 79, '', 2),
(3982, 99, 80, '', 3),
(3983, 99, 82, '', 1),
(3984, 99, 84, '', 1),
(3985, 99, 83, '', 2),
(3986, 99, 81, '', 1),
(3987, 100, 68, '', 1),
(3988, 100, 73, '', 1),
(3989, 100, 69, '', 1),
(3990, 100, 72, '', 1),
(3991, 100, 71, '', 1),
(3992, 100, 70, '', 1),
(3993, 100, 74, '', 3),
(3994, 100, 76, '', 2),
(3995, 100, 75, '', 1),
(3996, 100, 77, '', 1),
(3997, 100, 78, '', 1),
(3998, 101, 68, '', 1),
(3999, 101, 69, '', 1),
(4000, 101, 70, '', 1),
(4001, 101, 71, '', 1),
(4002, 101, 72, '', 1),
(4003, 101, 73, '', 1),
(4004, 101, 74, '', 2),
(4005, 101, 75, '', 1),
(4006, 101, 76, '', 2),
(4007, 101, 78, '', 1),
(4008, 101, 77, '', 1),
(4009, 102, 68, '', 1),
(4010, 102, 69, '', 1),
(4011, 102, 70, '', 1),
(4012, 102, 72, '', 1),
(4013, 102, 73, '', 1),
(4014, 102, 71, '', 1),
(4015, 102, 74, '', 2),
(4016, 102, 75, '', 1),
(4017, 102, 76, '', 2),
(4018, 102, 77, '', 1),
(4019, 102, 78, '', 3),
(4020, 103, 1, '', 1),
(4021, 103, 2, 'asd', 2),
(4022, 103, 6, '', 1),
(4023, 103, 3, '', 1),
(4024, 103, 5, '', 1),
(4025, 103, 8, '', 1),
(4026, 103, 7, '', 1),
(4027, 103, 4, '', 1),
(4028, 103, 10, '', 1),
(4029, 103, 9, '', 1),
(4030, 103, 11, '', 1),
(4031, 103, 13, '', 1),
(4032, 103, 12, '', 1),
(4033, 103, 14, '', 1),
(4034, 103, 15, '', 1),
(4035, 103, 16, '', 1),
(4036, 103, 17, '', 1),
(4037, 103, 18, '', 1),
(4038, 103, 21, '', 1),
(4039, 103, 19, '', 1),
(4040, 103, 22, '', 1),
(4041, 103, 20, 'asdasd', 3),
(4042, 103, 23, '', 1),
(4043, 103, 24, '', 1),
(4044, 103, 26, '', 1),
(4045, 103, 28, '', 1),
(4046, 103, 27, '', 1),
(4047, 103, 25, '', 1),
(4048, 103, 30, '', 1),
(4049, 103, 29, '', 1),
(4050, 103, 32, '', 1),
(4051, 103, 31, '', 1),
(4052, 103, 33, '', 1),
(4053, 103, 34, '', 1),
(4054, 103, 36, '', 1),
(4055, 103, 35, '', 1),
(4056, 103, 38, '', 1),
(4057, 103, 40, '', 1),
(4058, 103, 37, '', 1),
(4059, 103, 39, '', 1),
(4060, 103, 41, '', 1),
(4061, 103, 42, '', 1),
(4062, 103, 46, '', 1),
(4063, 103, 45, '', 1),
(4064, 103, 44, '', 1),
(4065, 103, 43, '', 1),
(4066, 103, 48, '', 1),
(4067, 103, 47, '', 1),
(4068, 103, 49, '', 1),
(4069, 103, 50, '', 1),
(4070, 103, 51, '', 1),
(4071, 103, 52, '', 1),
(4072, 103, 53, '', 1),
(4073, 103, 55, '', 1),
(4074, 103, 54, '', 1),
(4075, 103, 56, '', 1),
(4076, 103, 57, '', 1),
(4077, 103, 58, '', 1),
(4078, 103, 59, '', 1),
(4079, 103, 61, '', 1),
(4080, 103, 60, '', 1),
(4081, 103, 62, '', 1),
(4082, 103, 63, '', 1),
(4083, 103, 65, '', 1),
(4084, 103, 64, '', 1),
(4085, 103, 67, '', 1),
(4086, 103, 66, '', 1),
(4087, 104, 85, '', 1),
(4088, 105, 85, '', 1),
(4089, 106, 86, '', 1),
(4090, 107, 79, '', 1),
(4091, 107, 80, '', 1),
(4092, 107, 81, '', 1),
(4093, 107, 82, '', 1),
(4094, 107, 83, '', 1),
(4095, 107, 84, '', 1),
(4096, 108, 79, '', 1),
(4097, 108, 82, '', 1),
(4098, 108, 81, '', 1),
(4099, 108, 83, '', 1),
(4100, 108, 80, '', 1),
(4101, 108, 84, '', 1),
(4102, 109, 1, '', 1),
(4103, 109, 7, '', 1),
(4104, 109, 2, '', 1),
(4105, 109, 3, '', 1),
(4106, 109, 4, '', 1),
(4107, 109, 5, '', 1),
(4108, 109, 6, '', 1),
(4109, 109, 8, '', 1),
(4110, 109, 9, '', 1),
(4111, 109, 10, '', 1),
(4112, 109, 11, '', 1),
(4113, 109, 12, '', 1),
(4114, 109, 13, '', 1),
(4115, 109, 14, '', 1),
(4116, 109, 15, '', 1),
(4117, 109, 17, '', 1),
(4118, 109, 19, '', 1),
(4119, 109, 18, '', 1),
(4120, 109, 16, '', 1),
(4121, 109, 20, '', 1),
(4122, 109, 21, '', 1),
(4123, 109, 25, '', 1),
(4124, 109, 22, '', 1),
(4125, 109, 23, '', 1),
(4126, 109, 24, '', 1),
(4127, 109, 26, '', 1),
(4128, 109, 29, '', 1),
(4129, 109, 28, '', 1),
(4130, 109, 27, '', 1),
(4131, 109, 30, '', 1),
(4132, 109, 31, '', 1),
(4133, 109, 32, '', 1),
(4134, 109, 34, '', 1),
(4135, 109, 33, '', 1),
(4136, 109, 35, '', 1),
(4137, 109, 36, '', 1),
(4138, 109, 37, '', 1),
(4139, 109, 38, '', 1),
(4140, 109, 43, '', 1),
(4141, 109, 41, '', 1),
(4142, 109, 42, '', 1),
(4143, 109, 39, '', 1),
(4144, 109, 40, '', 1),
(4145, 109, 44, '', 1),
(4146, 109, 49, '', 1),
(4147, 109, 46, '', 1),
(4148, 109, 45, '', 1),
(4149, 109, 47, '', 1),
(4150, 109, 48, '', 1),
(4151, 109, 50, '', 1),
(4152, 109, 52, '', 1),
(4153, 109, 51, '', 1),
(4154, 109, 55, '', 1),
(4155, 109, 54, '', 1),
(4156, 109, 53, '', 1),
(4157, 109, 56, '', 1),
(4158, 109, 61, '', 1),
(4159, 109, 60, '', 1),
(4160, 109, 57, '', 1),
(4161, 109, 58, '', 1),
(4162, 109, 59, '', 1),
(4163, 109, 62, '', 1),
(4164, 109, 65, '', 1),
(4165, 109, 66, '', 1),
(4166, 109, 63, '', 1),
(4167, 109, 64, '', 1),
(4168, 109, 67, '', 1),
(4169, 110, 85, '', 1),
(4170, 111, 86, '', 1),
(4171, 112, 79, '', 1),
(4172, 112, 83, '', 1),
(4173, 112, 82, '', 1),
(4174, 112, 80, '', 1),
(4175, 112, 84, '', 1),
(4176, 112, 81, '', 1),
(4177, 113, 68, '', 1),
(4178, 113, 69, '', 1),
(4179, 113, 70, '', 1),
(4180, 113, 72, '', 1),
(4181, 113, 73, '', 1),
(4182, 113, 71, '', 1),
(4183, 113, 74, '', 1),
(4184, 113, 75, '', 1),
(4185, 113, 77, '', 1),
(4186, 113, 78, '', 1),
(4187, 113, 76, '', 1),
(4188, 114, 1, '', 1),
(4189, 114, 6, '', 1),
(4190, 114, 5, '', 1),
(4191, 114, 3, '', 1),
(4192, 114, 2, '', 1),
(4193, 114, 4, '', 1),
(4194, 114, 7, '', 1),
(4195, 114, 8, '', 1),
(4196, 114, 9, '', 1),
(4197, 114, 10, '', 1),
(4198, 114, 12, '', 1),
(4199, 114, 11, '', 1),
(4200, 114, 13, '', 1),
(4201, 114, 14, '', 1),
(4202, 114, 15, '', 1),
(4203, 114, 16, '', 1),
(4204, 114, 18, '', 1),
(4205, 114, 17, '', 1),
(4206, 114, 19, '', 1),
(4207, 114, 20, '', 1),
(4208, 114, 21, '', 1),
(4209, 114, 22, '', 1),
(4210, 114, 23, '', 1),
(4211, 114, 24, '', 1),
(4212, 114, 25, '', 1),
(4213, 114, 28, '', 1),
(4214, 114, 29, '', 1),
(4215, 114, 26, '', 1),
(4216, 114, 27, '', 1),
(4217, 114, 31, '', 1),
(4218, 114, 30, '', 1),
(4219, 114, 34, '', 1),
(4220, 114, 35, '', 1),
(4221, 114, 32, '', 1),
(4222, 114, 33, '', 1),
(4223, 114, 36, '', 1),
(4224, 114, 37, '', 1),
(4225, 114, 38, '', 1),
(4226, 114, 39, '', 1),
(4227, 114, 40, '', 1),
(4228, 114, 41, '', 1),
(4229, 114, 43, '', 1),
(4230, 114, 42, '', 1),
(4231, 114, 44, '', 1),
(4232, 114, 47, '', 1),
(4233, 114, 45, '', 1),
(4234, 114, 46, '', 1),
(4235, 114, 49, '', 1),
(4236, 114, 48, '', 1),
(4237, 114, 51, '', 1),
(4238, 114, 50, '', 1),
(4239, 114, 53, '', 1),
(4240, 114, 52, '', 1),
(4241, 114, 55, '', 1),
(4242, 114, 54, '', 1),
(4243, 114, 57, '', 1),
(4244, 114, 56, '', 1),
(4245, 114, 58, '', 1),
(4246, 114, 59, '', 1),
(4247, 114, 60, '', 1),
(4248, 114, 61, '', 1),
(4249, 114, 62, '', 1),
(4250, 114, 63, '', 1),
(4251, 114, 65, '', 1),
(4252, 114, 64, '', 1),
(4253, 114, 66, '', 1),
(4254, 114, 67, '', 1),
(4255, 115, 1, '', 1),
(4256, 115, 3, '', 1),
(4257, 115, 2, '', 1),
(4258, 115, 4, '', 1),
(4259, 115, 5, '', 1),
(4260, 115, 6, '', 1),
(4261, 115, 7, '', 1),
(4262, 115, 8, '', 1),
(4263, 115, 9, '', 1),
(4264, 115, 10, '', 1),
(4265, 115, 12, '', 1),
(4266, 115, 11, '', 1),
(4267, 115, 13, '', 1),
(4268, 115, 14, '', 1),
(4269, 115, 15, '', 1),
(4270, 115, 16, '', 1),
(4271, 115, 17, '', 1),
(4272, 115, 18, '', 1),
(4273, 115, 19, '', 1),
(4274, 115, 20, '', 1),
(4275, 115, 21, '', 1),
(4276, 115, 22, '', 1),
(4277, 115, 23, '', 1),
(4278, 115, 24, '', 1),
(4279, 115, 25, '', 1),
(4280, 115, 26, '', 1),
(4281, 115, 27, '', 1),
(4282, 115, 28, '', 1),
(4283, 115, 29, '', 1),
(4284, 115, 30, '', 1),
(4285, 115, 31, '', 1),
(4286, 115, 32, '', 1),
(4287, 115, 33, '', 1),
(4288, 115, 34, '', 1),
(4289, 115, 35, '', 1),
(4290, 115, 36, '', 1),
(4291, 115, 37, '', 1),
(4292, 115, 38, '', 1),
(4293, 115, 39, '', 1),
(4294, 115, 40, '', 1),
(4295, 115, 43, '', 1),
(4296, 115, 42, '', 1),
(4297, 115, 41, '', 1),
(4298, 115, 45, '', 1),
(4299, 115, 44, '', 1),
(4300, 115, 47, '', 1),
(4301, 115, 46, '', 1),
(4302, 115, 48, '', 1),
(4303, 115, 49, '', 1),
(4304, 115, 50, '', 1),
(4305, 115, 51, '', 1),
(4306, 115, 54, '', 1),
(4307, 115, 52, '', 1),
(4308, 115, 55, '', 1),
(4309, 115, 53, '', 1),
(4310, 115, 56, '', 1),
(4311, 115, 57, '', 1),
(4312, 115, 60, '', 1),
(4313, 115, 59, '', 1),
(4314, 115, 61, '', 1),
(4315, 115, 58, '', 1),
(4316, 115, 62, '', 1),
(4317, 115, 63, '', 1),
(4318, 115, 65, '', 1),
(4319, 115, 66, '', 1),
(4320, 115, 64, '', 1),
(4321, 115, 67, '', 1),
(4322, 116, 4, '', 3),
(4323, 116, 5, '', 1),
(4324, 116, 6, '', 1),
(4325, 116, 2, '', 1),
(4326, 116, 1, '', 1),
(4327, 116, 3, '', 1),
(4328, 116, 7, '', 1),
(4329, 116, 8, '', 1),
(4330, 116, 10, '', 1),
(4331, 116, 9, '', 3),
(4332, 116, 12, '', 1),
(4333, 116, 11, '', 3),
(4334, 116, 13, '', 1),
(4335, 116, 15, '', 1),
(4336, 116, 14, '', 1),
(4337, 116, 16, '', 1),
(4338, 116, 19, '', 1),
(4339, 116, 17, '', 1),
(4340, 116, 18, '', 1),
(4341, 116, 20, '', 1),
(4342, 116, 21, '', 1),
(4343, 116, 23, '', 1),
(4344, 116, 24, '', 1),
(4345, 116, 22, '', 1),
(4346, 116, 25, '', 1),
(4347, 116, 26, '', 1),
(4348, 116, 27, '', 1),
(4349, 116, 28, '', 1),
(4350, 116, 29, '', 1),
(4351, 116, 30, '', 1),
(4352, 116, 31, '', 1),
(4353, 116, 32, '', 1),
(4354, 116, 33, '', 1),
(4355, 116, 34, '', 1),
(4356, 116, 35, '', 1),
(4357, 116, 37, '', 1),
(4358, 116, 36, '', 1),
(4359, 116, 38, '', 1),
(4360, 116, 40, '', 1),
(4361, 116, 39, '', 1),
(4362, 116, 41, '', 1),
(4363, 116, 42, '', 1),
(4364, 116, 44, '', 1),
(4365, 116, 43, '', 1),
(4366, 116, 45, '', 1),
(4367, 116, 47, '', 1),
(4368, 116, 46, '', 1),
(4369, 116, 48, '', 1),
(4370, 116, 49, '', 1),
(4371, 116, 51, '', 1),
(4372, 116, 50, '', 1),
(4373, 116, 53, '', 1),
(4374, 116, 52, '', 1),
(4375, 116, 55, '', 1),
(4376, 116, 54, '', 1),
(4377, 116, 56, '', 1),
(4378, 116, 57, '', 1),
(4379, 116, 58, '', 1),
(4380, 116, 59, '', 1),
(4381, 116, 60, '', 1),
(4382, 116, 62, '', 1),
(4383, 116, 61, '', 1),
(4384, 116, 63, '', 1),
(4385, 116, 64, '', 1),
(4386, 116, 65, '', 1),
(4387, 116, 66, '', 1),
(4388, 116, 67, '', 1);

-- --------------------------------------------------------

--
-- Estructura de tabla para la tabla `unidad`
--

CREATE TABLE `unidad` (
  `id_unidad` int(11) NOT NULL,
  `nombre` varchar(45) NOT NULL,
  `placas` varchar(10) NOT NULL,
  `marca` varchar(30) NOT NULL,
  `submarca` varchar(30) NOT NULL,
  `serie` varchar(30) NOT NULL,
  `modelo` int(4) NOT NULL
) ENGINE=InnoDB DEFAULT CHARSET=utf8;

--
-- Volcado de datos para la tabla `unidad`
--

INSERT INTO `unidad` (`id_unidad`, `nombre`, `placas`, `marca`, `submarca`, `serie`, `modelo`) VALUES
(1, 'PATINETA', '284AH8', 'DODGE', 'RAM 4000', '3B6MC36ZTM198968', 1996),
(2, 'ABUELO', '392EY8', 'KENWORTH', 'TRACTOCAMION', '3WKDD60X3XF500656', 1999),
(3, 'BIGOTES', '12AG2M', 'INTERNATIONAL', 'CAMION', '3HANKAAR55L120031', 2005),
(4, 'MIYAGUI', 'FF48807', 'NISSAN', 'NP300', '3N6DD25T3CK025943', 2012),
(5, 'CUCA', '784EP6', 'DODGE', 'RAM 4000', '3B6MC36541M563181', 2001),
(6, 'EL COMPA', '928EP6', 'CHEVROLET', 'KODIAK', '3GBJ6H1C77M115457', 2007),
(7, 'EL ROJO/CUCHUFLETA', 'FH82608', 'FORD', 'F 800', '3FEXF80C9SJA09228', 1995),
(8, 'CONDE', '376AH8', 'INTERNATIONAL', 'PROSTAR', '3HSDJAPT3EN029437', 2014),
(9, 'HOBBIT', '214EZ3', 'INTERNATIONAL', 'THORTON', '3HANKAAR2AL287098', 2014),
(10, 'GEMELA', 'FF70687', 'DODGE', 'RAM 4000', '3B6MC3654YM247046', 2000),
(11, 'FOX', '22AF4N', 'INTERNATIONAL', 'PROSTAR', '3HSDJAPT8FN606321', 2015),
(12, 'CHATO', '716EP5', 'CHEVROLET', 'KODIAK', '3GBJ6H1C25M101267', 2005),
(13, 'TITAN', '11AG2M', 'CHEVROLET', 'KODIAK', '3GBJ6H1C44M101074', 2004),
(14, 'PIPA', '50AF4K', 'DODGE', 'RAM 6500-227', 'RM540014', 1994),
(15, 'CHINO', '58AA3H', 'INTERNAVIS', 'RABON', '3HAMPAFL2BL407971', 2011),
(16, 'COUCH', '18AB7Z', 'INTERNATIONAL', 'PROSTAR', '3HSDJAPT6GN413943', 2015),
(17, 'VIKINGO', '91AB7Z', 'INTERNATIONAL', 'TORTON 4400', '3HANKAAR5HL503620', 2017),
(18, 'OPTIMUS', '77AH9L', 'INTERNATIONAL', 'PROSTAR', '3HSDJAPT4DN404413', 2013),
(19, 'CAPITAN', '27AF7A', 'INTERNATIONAL', 'TRACTOCAMION', '3HSDJAPT8HN513219', 2017),
(20, 'DORADO', '69AK5A', 'INTERNATIONAL', 'PROSTAR', '3HSCWAPT6BN382277', 2011),
(21, 'HALCON', '54AF3N', 'INTERNATIONAL', 'NAVISTAR', '3HSCEAPT18N662801', 2008),
(22, 'HANS', '52AF4N', 'INTERNATIONAL', 'PROSTAR', '3HSDJAPT6JN550792', 2018),
(23, 'PICHON', '56AG1M', 'INTERNATIONAL', 'PROSTAR', '3HSDJAPTXJN542016', 2018),
(24, 'S10', 'FC8277A', 'CHEVROLET', 'PICK UP', '1GCBS14E0K2146016', 1989),
(25, 'NP300 (PALOMA)', 'FD1877A', 'NP300', 'NISSAN', '3N6AD35CXJK899888', 2018),
(26, 'VALKIRIA', '51AH1M', 'INTERNATIONAL', 'PROSTAR', '3HSDJAPT5KN406412', 2019),
(27, 'SHERIF', '57AH1M', 'INTERNATIONAL', 'PROSTAR', '3HSDJAPT8KN406842', 2019),
(28, 'TOYOTA', 'FD2167A', 'HILUX D/C DIESEL 4X4 AT', 'TOYOTA', 'MR0HA8CD7J1055555', 2018),
(29, 'SN', '84AK6A', 'INTERNATIONAL', 'PROSTAR', '3HSDJAPT2KN245369', 2019),
(30, 'CHOMBI/ELY', 'FTC936A', 'URVAN', 'NISSAN', 'JN1BE6DS0J9032245', 2018),
(31, 'SN', '61AK7A', 'INTERNATIONAL', 'PROSTAR', '3HSDJAPT6KN437698', 2019);

-- --------------------------------------------------------

--
-- Estructura de tabla para la tabla `usuarios`
--

CREATE TABLE `usuarios` (
  `id_usuario` int(11) NOT NULL,
  `id_tipo` int(2) NOT NULL,
  `id_datos` int(11) NOT NULL,
  `usuario` varchar(15) NOT NULL,
  `pass` varchar(120) NOT NULL,
  `estatus` int(2) NOT NULL,
  `ps` int(2) NOT NULL,
  `url_img` varchar(100) NOT NULL
) ENGINE=InnoDB DEFAULT CHARSET=utf8;

--
-- Volcado de datos para la tabla `usuarios`
--

INSERT INTO `usuarios` (`id_usuario`, `id_tipo`, `id_datos`, `usuario`, `pass`, `estatus`, `ps`, `url_img`) VALUES
(1, 99, 999999, 'admin', 'MTIzNDU2', 1, 1, 'administrativos/admin/perfil.png'),
(23, 1, 1, 'monitoreo', 'MTIzNDU2', 1, 1, 'administrativos/admin/perfil.png'),
(24, 2, 2, 'mantenimiento', 'MTIzNDU2', 1, 1, 'administrativos/admin/perfil.png'),
(26, 99, 0, 'cesar', 'bmljb3B0MTI=', 1, 0, 'administrativos/admin/perfil.png');

-- --------------------------------------------------------

--
-- Estructura de tabla para la tabla `viajes`
--

CREATE TABLE `viajes` (
  `id_viaje` int(11) NOT NULL,
  `destino` varchar(1000) COLLATE utf8_spanish2_ci NOT NULL,
  `fecha` date NOT NULL,
  `estatus` int(11) NOT NULL,
  `id_operario` int(11) NOT NULL,
  `id_unidad` int(11) NOT NULL,
  `id_moto` int(11) NOT NULL,
  `id_montacargas` int(11) NOT NULL,
  `id_dolly` int(11) NOT NULL,
  `id_chasis` int(11) NOT NULL,
  `comentario` text COLLATE utf8_spanish2_ci NOT NULL
) ENGINE=InnoDB DEFAULT CHARSET=utf8 COLLATE=utf8_spanish2_ci;

--
-- Volcado de datos para la tabla `viajes`
--

INSERT INTO `viajes` (`id_viaje`, `destino`, `fecha`, `estatus`, `id_operario`, `id_unidad`, `id_moto`, `id_montacargas`, `id_dolly`, `id_chasis`, `comentario`) VALUES
(15, 'c. pera 97', '2020-03-27', 3, 3, 0, 1, 0, 0, 0, 'primer comentario'),
(16, 'c. pera 97', '2020-03-31', 3, 1, 5, 1, 1, 2, 7, 'comentario dos');

--
-- Índices para tablas volcadas
--

--
-- Indices de la tabla `catalogo_servicios`
--
ALTER TABLE `catalogo_servicios`
  ADD PRIMARY KEY (`id_catalogo`);

--
-- Indices de la tabla `chasis`
--
ALTER TABLE `chasis`
  ADD PRIMARY KEY (`id_chasis`);

--
-- Indices de la tabla `checklist`
--
ALTER TABLE `checklist`
  ADD PRIMARY KEY (`id_checklist`);

--
-- Indices de la tabla `checklist_llantas`
--
ALTER TABLE `checklist_llantas`
  ADD PRIMARY KEY (`id_checklis_llantas`);

--
-- Indices de la tabla `contenido_checklist`
--
ALTER TABLE `contenido_checklist`
  ADD PRIMARY KEY (`id_cont_checklist`);

--
-- Indices de la tabla `dolly`
--
ALTER TABLE `dolly`
  ADD PRIMARY KEY (`id_dolly`);

--
-- Indices de la tabla `imagenes`
--
ALTER TABLE `imagenes`
  ADD PRIMARY KEY (`id_imagen`);

--
-- Indices de la tabla `llantas`
--
ALTER TABLE `llantas`
  ADD PRIMARY KEY (`id_llanta`);

--
-- Indices de la tabla `mantenimientos`
--
ALTER TABLE `mantenimientos`
  ADD PRIMARY KEY (`id_mantenimiento`);

--
-- Indices de la tabla `montacargas`
--
ALTER TABLE `montacargas`
  ADD PRIMARY KEY (`id_montacargas`);

--
-- Indices de la tabla `motos`
--
ALTER TABLE `motos`
  ADD PRIMARY KEY (`id_moto`);

--
-- Indices de la tabla `operarios`
--
ALTER TABLE `operarios`
  ADD PRIMARY KEY (`id_operario`);

--
-- Indices de la tabla `reg_ent_sal`
--
ALTER TABLE `reg_ent_sal`
  ADD PRIMARY KEY (`id_reg`);

--
-- Indices de la tabla `servicios`
--
ALTER TABLE `servicios`
  ADD PRIMARY KEY (`id_servicio`);

--
-- Indices de la tabla `unidad`
--
ALTER TABLE `unidad`
  ADD PRIMARY KEY (`id_unidad`);

--
-- Indices de la tabla `usuarios`
--
ALTER TABLE `usuarios`
  ADD PRIMARY KEY (`id_usuario`);

--
-- Indices de la tabla `viajes`
--
ALTER TABLE `viajes`
  ADD PRIMARY KEY (`id_viaje`);

--
-- AUTO_INCREMENT de las tablas volcadas
--

--
-- AUTO_INCREMENT de la tabla `catalogo_servicios`
--
ALTER TABLE `catalogo_servicios`
  MODIFY `id_catalogo` int(11) NOT NULL AUTO_INCREMENT, AUTO_INCREMENT=87;
--
-- AUTO_INCREMENT de la tabla `chasis`
--
ALTER TABLE `chasis`
  MODIFY `id_chasis` int(11) NOT NULL AUTO_INCREMENT, AUTO_INCREMENT=28;
--
-- AUTO_INCREMENT de la tabla `checklist`
--
ALTER TABLE `checklist`
  MODIFY `id_checklist` int(11) NOT NULL AUTO_INCREMENT, AUTO_INCREMENT=833;
--
-- AUTO_INCREMENT de la tabla `checklist_llantas`
--
ALTER TABLE `checklist_llantas`
  MODIFY `id_checklis_llantas` int(11) NOT NULL AUTO_INCREMENT, AUTO_INCREMENT=16;
--
-- AUTO_INCREMENT de la tabla `contenido_checklist`
--
ALTER TABLE `contenido_checklist`
  MODIFY `id_cont_checklist` int(11) NOT NULL AUTO_INCREMENT, AUTO_INCREMENT=266;
--
-- AUTO_INCREMENT de la tabla `dolly`
--
ALTER TABLE `dolly`
  MODIFY `id_dolly` int(11) NOT NULL AUTO_INCREMENT, AUTO_INCREMENT=15;
--
-- AUTO_INCREMENT de la tabla `imagenes`
--
ALTER TABLE `imagenes`
  MODIFY `id_imagen` int(11) NOT NULL AUTO_INCREMENT, AUTO_INCREMENT=66;
--
-- AUTO_INCREMENT de la tabla `llantas`
--
ALTER TABLE `llantas`
  MODIFY `id_llanta` int(11) NOT NULL AUTO_INCREMENT, AUTO_INCREMENT=94;
--
-- AUTO_INCREMENT de la tabla `mantenimientos`
--
ALTER TABLE `mantenimientos`
  MODIFY `id_mantenimiento` int(11) NOT NULL AUTO_INCREMENT, AUTO_INCREMENT=117;
--
-- AUTO_INCREMENT de la tabla `montacargas`
--
ALTER TABLE `montacargas`
  MODIFY `id_montacargas` int(11) NOT NULL AUTO_INCREMENT, AUTO_INCREMENT=6;
--
-- AUTO_INCREMENT de la tabla `motos`
--
ALTER TABLE `motos`
  MODIFY `id_moto` int(11) NOT NULL AUTO_INCREMENT, AUTO_INCREMENT=4;
--
-- AUTO_INCREMENT de la tabla `operarios`
--
ALTER TABLE `operarios`
  MODIFY `id_operario` int(11) NOT NULL AUTO_INCREMENT, AUTO_INCREMENT=4;
--
-- AUTO_INCREMENT de la tabla `reg_ent_sal`
--
ALTER TABLE `reg_ent_sal`
  MODIFY `id_reg` int(11) NOT NULL AUTO_INCREMENT, AUTO_INCREMENT=22;
--
-- AUTO_INCREMENT de la tabla `servicios`
--
ALTER TABLE `servicios`
  MODIFY `id_servicio` int(11) NOT NULL AUTO_INCREMENT, AUTO_INCREMENT=4389;
--
-- AUTO_INCREMENT de la tabla `unidad`
--
ALTER TABLE `unidad`
  MODIFY `id_unidad` int(11) NOT NULL AUTO_INCREMENT, AUTO_INCREMENT=32;
--
-- AUTO_INCREMENT de la tabla `usuarios`
--
ALTER TABLE `usuarios`
  MODIFY `id_usuario` int(11) NOT NULL AUTO_INCREMENT, AUTO_INCREMENT=27;
--
-- AUTO_INCREMENT de la tabla `viajes`
--
ALTER TABLE `viajes`
  MODIFY `id_viaje` int(11) NOT NULL AUTO_INCREMENT, AUTO_INCREMENT=17;
/*!40101 SET CHARACTER_SET_CLIENT=@OLD_CHARACTER_SET_CLIENT */;
/*!40101 SET CHARACTER_SET_RESULTS=@OLD_CHARACTER_SET_RESULTS */;
/*!40101 SET COLLATION_CONNECTION=@OLD_COLLATION_CONNECTION */;
